Player,Gradient Boosting Prediction,SVR Prediction
Aaron Cresswell,1508967.60,2771478.65
Aaron Hickey,694546.23,700578.20
Aaron Ramsdale,794535.73,709696.97
Aaron Ramsey,573777.92,486910.12
Aaron Seydel,615901.48,668332.99
Aaron Wan-Bissaka,1385180.93,1462901.72
AarÃ³n Escandell,926073.29,790450.16
AarÃ³n MartÃ­n,929625.77,1118951.52
Abakar Sylla,1453993.53,1358462.71
Abdou Harroui,1221452.22,874454.91
Abdoul Kader Bamba,1581192.17,1372673.02
Abdoulaye DoucourÃ©,1481412.60,1920800.30
Abdoulaye TourÃ©,1624195.45,1675313.92
Abdul Mumin,754909.39,931059.31
AbdÃ³n Prats,1000520.44,1137998.60
Ablie Jallow,1011770.98,956981.93
Abner,803129.09,1218733.18
Adam HloÅ¾ek,893621.41,571022.00
Adam Lallana,3131155.47,3677500.74
Adam MaruÅ¡iÄ,1523766.43,2599584.31
Adam Masina,1816009.99,1845697.56
Adam Obert,516037.48,761676.10
Adam Ounas,1690918.78,1337728.43
Adam Smith,1129969.85,1770518.74
Adam Webster,2818507.55,3198032.06
Adama TraorÃ©,1039080.33,947059.90
Ademola Lookman,1968146.18,2084483.41
Adnan Januzaj,955510.73,849613.81
Adri Embarba,919604.27,1262844.57
Adrian Beck,716147.90,990521.53
Adrien Lebeau,529313.67,624873.18
Adrien Rabiot,1537704.56,1786288.22
Adrien Tameze,1720470.54,2068323.49
Adrien Thomasson,1851176.27,1736282.63
Adrien Truffert,1136602.18,1481313.55
AdriÃ  Altimira,597240.87,1089683.94
AdriÃ  Pedrosa,927688.90,1397190.11
Adson,1158808.10,789971.44
AgustÃ­n Martegani,714071.78,935015.44
Ahmed Touba,794535.73,703323.28
Aihen MuÃ±oz,1195439.35,1414970.38
Ainsley Maitland-Niles,1472883.77,1552714.99
Aitor FernÃ¡ndez,955510.73,1107255.15
Aitor Ruibal,1694286.17,1893512.43
Alaa Bellaarouch,605722.24,572473.73
Alan Virginius,615673.73,561863.42
Alassane PlÃ©a,2453391.82,2094863.51
Alban Lafont,683264.27,735481.01
Albert GuÃ°mundsson,1395433.08,1546025.49
Albert Sambi Lokonga,1270510.45,1163348.57
Alberto Cerri,726658.34,628712.46
Alberto Dossena,820469.16,1013062.48
Alberto Grassi,1144294.42,1407292.31
Alberto Moleiro,916786.98,1070221.70
Alberto Moreno,1508133.38,2110122.29
Alberto Perea,615130.82,1083813.95
Alberto Soro,456710.22,762477.22
Aleix GarcÃ­a,2753378.14,3340045.42
Alejandro Balde,1323120.77,1110986.06
Alejandro Pozo Pozo,791683.68,1209922.52
Aleksandar MitroviÄ,615130.82,838387.42
Aleksandar RadovanoviÄ,841268.03,961399.91
Aleksandar Sedlar,1294383.40,1467114.28
Aleksandr Golovin,3353196.86,2243242.28
Aleksei Miranchuk,2424900.35,1542001.21
Alessandro Buongiorno,962782.51,1190404.28
Alessandro Deiola,906673.00,857555.51
Alessandro Di Pardo,644470.38,626319.69
Alessandro Florenzi,2281286.49,2913254.77
Alessandro Sorrentino,575208.32,547112.10
Alessandro Vogliacco,760651.75,1118287.65
Alessandro Zanoli,602521.21,840203.34
Alessio Cragno,926073.29,844292.23
Alessio Romagnoli,2802830.24,2195616.66
Alessio Zerbin,831818.20,869121.38
Alex Baena,1119061.55,1084531.58
Alex Iwobi,2791892.54,1660312.15
Alex KrÃ¡l,772938.42,887165.87
Alex Meret,942283.56,843572.09
Alex Scott,698684.84,631610.53
Alex Sola,568787.90,725287.91
Alexander Brunst,926073.29,795599.40
Alexander Isak,905837.37,1353364.68
Alexander Meyer,955510.73,1118429.65
Alexander NÃ¼bel,942283.56,843823.18
Alexander Schwolow,759492.62,955134.84
Alexander SÃ¸rloth,1388478.19,2983292.95
Alexandre Lacazette,1512315.33,3072777.60
Alexandre Oukidja,975556.80,1431481.12
Alexis Blin,1472515.75,1135290.95
Alexis Claude-Maurice,806253.07,1208535.68
Alexis Mac Allister,2466783.79,2001884.94
Alexis SÃ¡nchez,1891802.82,2125107.71
Alfie Doughty,1080850.06,1302997.65
Alfonso Espino,1111096.55,2164876.98
Alfonso Pedraza,1608201.77,1429586.96
Alfred Duncan,1958686.57,2074274.20
Alidu Seidu,608060.53,1196628.91
Aliou Badara BaldÃ©,483887.88,507503.27
Alisson,975556.80,1079929.07
Alois Confais,526016.68,738501.62
Alphonse Areola,975556.80,1093022.23
Amad Diallo,611542.36,556010.05
Amadou Haidara,1904758.41,1277693.71
Amadou Onana,954872.58,974842.28
Amari'i Bell,1077799.16,1232162.47
Amath,650825.59,727748.52
Ameen Al-Dakhil,944478.46,1143618.56
Amin Sarr,657456.14,673593.07
Amine Adli,1793763.13,1431695.43
Amine Gouiri,1438513.13,1405549.85
Amine Harit,1832814.73,1241822.02
Amine Salama,666346.19,715790.50
Amir Rrahmani,3113246.15,3640416.03
Amos Pieper,923228.40,872657.23
Anass Zaroury,531945.01,575622.84
Anastasios Douvikas,886193.32,682023.12
Ander Barrenetxea,901568.71,1084342.99
Ander Guevara,1068951.32,1204720.64
Ander Herrera,3009650.79,3174229.56
Andoni Gorosabel,1065279.66,1416374.96
Andre-Frank Zambo Anguissa,2676201.70,2159277.16
Andrea Belotti,1483478.37,1008196.58
Andrea Cambiaso,1553620.30,1364505.49
Andrea Carboni,954744.80,1295954.79
Andrea Colpani,1589213.21,1498670.26
Andrea Consigli,991932.37,1636299.91
Andrea Petagna,1107429.61,838535.64
Andrea Pinamonti,1433443.21,1061376.68
Andreas Christensen,3446897.59,2691358.99
Andreas Hanche-Olsen,1052782.41,982737.45
Andreas Luthe,759492.62,1401864.19
Andreas MÃ¼ller,586414.92,584789.60
Andreas Pereira,1709052.04,1639973.70
Andrei Ratiu,735464.21,906543.04
Andrej KramariÄ,2719291.64,2793623.84
Andrew Omobamidele,754235.21,633815.73
Andrew Robertson,2933851.97,3741136.95
Andriy Lunin,704725.64,712734.02
Andros Townsend,916535.12,1298084.30
AndrÃ¡s SchÃ¤fer,814596.21,995240.57
AndrÃ© Ayew,1535710.65,1492419.63
AndrÃ© Gomes,1366242.04,1756089.81
AndrÃ© Onana,1051760.08,932881.86
AndrÃ© Silva,1456301.04,1015462.10
AndrÃ©s Guardado,2034455.97,3484442.10
Andy Diouf,973345.35,838319.40
Andy Pelmard,1012759.08,1212309.61
Anel AhmedhodÅ¾iÄ,743235.68,873096.53
Angel Gomes,1747858.59,1695098.43
AngeliÃ±o,1136519.95,1456325.47
Angelo Fulgini,1952746.54,1405473.60
Angelo Ogbonna,1294931.41,1482655.92
Angelo Stiller,1566519.53,2682763.11
Ansgar Knauff,871388.70,887480.47
Ansu Fati,1236871.08,842118.71
Ante Budimir,879159.21,1362763.80
Anthony Caci,1335858.32,1648246.05
Anthony Elanga,831321.54,931273.77
Anthony Gordon,1440306.32,1357597.03
Anthony Jung,1898292.73,2699717.41
Anthony Lopes,975556.80,1244136.22
Anthony Losilla,1060447.32,1897969.86
Anthony Lozano,951270.36,853277.96
Anthony Oyono,645742.52,876497.25
Anthony Rouault,888058.21,1886944.84
Antoine Semenyo,1016364.60,991270.42
Anton Stach,1053620.31,1302838.70
Antonee Robinson,1296702.78,1695670.52
Antonino Gallo,802437.85,1069039.10
Antonio Candreva,1815354.15,3822696.17
Antonio Mirante,759492.62,1698347.49
Antonio Puertas,1028722.89,1066940.71
Antonio Raillo,1622131.88,1591534.21
Antonio Sanabria,1592151.94,1127951.89
Antonio Sivera,942283.56,859314.77
Antonio SÃ¡nchez,918390.40,1051687.40
AntonÃ­n BarÃ¡k,2439068.48,1497198.55
Arda GÃ¼ler,717610.78,657292.82
Ardian Ismajli,1178544.99,1146614.82
Aridane HernÃ¡ndez,1283044.59,1787871.50
Arijanet Muric,669224.31,677953.99
Aritz Elustondo,1684369.83,1591240.71
Arkadiusz Milik,1547049.87,1091998.85
Armand Lauriente,1034638.49,1183817.35
Armando Broja,938604.47,680227.65
Armando Izzo,2392535.91,2935726.01
Arnau Martinez,1028182.43,1109035.04
Arnau Puigmal,586414.92,584688.36
Arnau Tenas,575208.32,557701.71
Arnaud Kalimuendo,1290402.63,990993.42
Arnaud Nordin,1348809.80,996196.83
Arne Maier,1637887.71,1247130.97
Aron DÃ¸nnum,829139.92,923653.28
Arouna Sangante,647984.67,1071875.22
Artem Dovbyk,1254508.76,1481016.83
Arthur Desmas,975556.80,1036329.15
Arthur Melo,3273292.95,2273233.66
Arthur Theate,1331815.10,1628081.97
Ashley Young,920643.89,2143569.92
Asier Villalibre,1023489.38,716427.50
Aster Vranckx,936964.51,955875.53
Atakan Karazor,1963066.70,2036182.49
Attila Szalai,794535.73,706826.25
Augusto Batalla,1006199.08,847905.26
AurÃ©lio Buta,1454600.83,1706374.81
Auston Trusty,707721.18,743542.05
Axel Disasi,2765506.03,2670355.75
Axel Guessand,269791.75,442384.94
Axel Witsel,2716467.22,3183741.62
Aymen Barkok,769088.02,809379.84
Aymeric Laporte,653575.74,838079.26
Ayoze PÃ©rez,1883284.41,1751959.58
Azor Matusiwa,1758816.47,1478151.53
Azzedine Ounahi,1689950.36,1729015.40
AÃ¯ssa LaÃ¯douni,1173380.27,1066247.78
AÃ¯ssa Mandi,2413022.12,2820093.90
BafodÃ© DiakitÃ©,1901055.65,2304668.97
Bamba Dieng,1065551.74,715101.90
Baptiste Santamaria,2390712.45,1951686.05
Bart Verbruggen,620415.99,551865.49
Bartol FranjiÄ,806867.36,1029895.92
Bartosz BereszyÅski,1049582.93,1637860.43
BebÃ©,1048204.60,1145530.84
Becir Omeragic,703843.69,763715.51
Ben Davies,2376750.06,2445197.50
Ben Godfrey,832480.93,899946.95
Ben Johnson,788929.03,1416486.24
Ben Mee,1226518.26,1751863.34
Ben Osborn,1089872.07,1336402.51
Ben White,2815184.74,2790838.02
Benedikt Gimber,907000.56,1040164.97
Benito RamÃ­rez,955510.73,866822.14
Benjamin AndrÃ©,2196942.31,3856091.61
Benjamin Bourigeaud,2300849.38,2024662.54
Benjamin Henrichs,1999582.31,2035018.65
Benjamin Lecomte,975556.80,1259038.77
Benjamin Mendy,2093445.54,2335225.42
Benjamin Pavard,2401302.67,2319682.01
Benjamin Stambouli,955510.73,1120562.61
Benjamin Tetteh,794535.73,707607.67
Benjamin Å eÅ¡ko,987261.39,917619.79
Benno Schmitz,1443759.19,1649842.32
BenoÃ®t Badiashile,1776218.62,1838549.56
BenoÃ®t Costil,1003444.47,1388784.51
Benson Manuel,922921.20,747701.95
Berat Djimsiti,1854177.49,1912502.77
Berkan Kutlu,698381.73,699267.84
Bernardo,1157683.34,1306919.30
Bernardo Espinosa,615130.82,1155389.14
Bernd Leno,1051760.08,1204816.28
Bertrand TraorÃ©,955510.73,863648.94
BertuÄ YÄ±ldÄ±rÄ±m,606907.49,425381.76
Beto,1070858.71,566118.26
BeÃ±at Prados,881030.61,1001992.90
BeÃ±at Turrientes,609705.60,780860.10
Bilal Boutobba,1004864.11,1011346.62
Bilal Nadir,483887.88,475703.45
Billy Gilmour,1521458.14,2276156.92
Birger Meling,653575.74,838137.95
Bobby Reid,1506405.96,1610087.02
Bonke Innocent,926073.29,795957.28
Boris RadunoviÄ,922921.20,760014.21
Borja Iglesias,1116704.69,1100250.32
Borja Mayoral,1126707.93,1397977.79
Borna Sosa,797916.97,1684805.80
Boubacar Kamara,1285949.30,1283860.96
Boubacar TraorÃ©,873553.29,1052374.85
Boubakar KouyatÃ©,1192786.69,1048867.69
Boubakary SoumarÃ©,1331685.32,1403749.85
Boulaye Dia,1458245.21,934594.87
Bouna Sarr,926073.29,1020026.27
Bradley Barcola,1476779.95,995767.85
Bradley Locko,987378.94,1460796.16
Brahim DÃ­az,2446529.68,1749598.77
Brais MÃ©ndez,2006987.54,1836871.18
Brandon Soppy,472427.62,542022.24
Braydon Manu,894487.77,746138.92
Breel Embolo,894487.77,793872.66
Brendan Chardonnet,1265671.27,1637940.98
Brenden Aaronson,774288.03,800410.33
Brennan Johnson,1009243.81,1103648.79
Brenner,529313.67,616551.32
Brice Samba,975556.80,1036329.15
Bruno Amione,671734.63,1203454.65
Bruno Langa,827873.05,1242481.86
Bruno MÃ©ndez,728857.91,969442.37
Bryan Cristante,2604811.54,2413952.54
Bryan Gil,586414.92,583358.11
Bryan Mbeumo,1176336.35,1021884.16
Caio Henrique Oliveira Silva,1686346.77,1768086.76
Caleb Ekuban,1257334.63,989655.20
Caleb Okoli,718448.41,1038432.29
Callum Hudson-Odoi,1009246.26,1120357.24
Callum Wilson,1278332.06,1243184.18
Calum Chambers,926073.29,860480.95
Calvin Bassey,1460696.07,1733859.01
Cameron Archer,847422.80,685205.19
CaoimhÃ­n Kelleher,669224.31,677953.99
Carl Starfelt,1511078.27,1178431.07
Carles AleÃ±Ã¡,789978.88,838391.27
Carles PÃ©rez,1026347.22,756061.18
Carlos Augusto,1145041.89,1325433.91
Carlos BenavÃ­dez,1073010.62,956553.14
Carlos Dominguez,592274.35,901321.71
Carlos FernÃ¡ndez,859300.19,604745.19
Carlos Neva,1171331.27,1487324.61
Carlos Soler,3232731.14,2272136.62
Carlos VinÃ­cius,1046022.84,973546.00
Carlton Morris,853516.20,941614.36
Carney Chukwuemeka,611542.36,519314.37
Castello Lukeba,1755645.43,1711535.73
Catena,1372665.23,1683169.92
Cauley Woodrow,955510.73,947731.10
Cedric Zesiger,1381628.84,1327978.73
Cenk Ãzkacar,607444.78,906289.70
Chancel Mbemba,3112782.58,2082410.95
Charalambos Lykogiannis,1479375.34,1584952.16
Charles De Ketelaere,1392702.89,1261485.64
Charlie Taylor,1136249.61,1805115.49
Cheick DoucourÃ©,912974.99,951310.03
Cheikh Tidiane Sabaly,842721.94,863450.34
Cheikhou KouyatÃ©,955510.73,1180643.05
Chiedozie Ogbene,928880.29,1047054.09
Chris Basham,955510.73,1255319.90
Chris Bedia,763124.16,653892.85
Chris FÃ¼hrich,2802521.10,2054845.07
Chris Mepham,1040325.87,941217.21
Chris Ramos,818484.10,736813.61
Chris Richards,835167.68,857368.66
Chris Smalling,1452521.68,1693013.22
Chris Wood,1129293.84,1957202.58
Chrislain Matsima,1004952.54,1086758.16
Christian Eriksen,2258467.79,2419218.00
Christian GroÃ,1989887.55,2300239.73
Christian GÃ¼nter,1102504.82,1662102.79
Christian Kabasele,1082799.87,1163432.76
Christian KouamÃ©,972053.64,1009085.11
Christian KÃ¼hlwetter,683406.68,799148.54
Christian NÃ¸rgaard,1682029.05,2060925.52
Christian Pulisic,1629493.30,2294315.78
Christoph Baumgartner,958488.71,893009.05
Christoph Klarer,732976.90,1154864.70
Christoph Kramer,955510.73,1109915.36
Christoph Zimmermann,990303.78,1259941.75
Christophe HÃ©relle,1438363.41,1353200.40
Christopher Antwi-Adjei,1048745.16,1247637.98
Christopher Jullien,1449206.43,1064998.38
Christopher Lenz,926073.29,845054.31
Christopher Operi,1431800.44,1996785.32
Christopher Trimmel,1590726.43,2517572.75
Christopher Wooh,768175.59,963443.31
Ciro Immobile,1692680.22,1534867.11
Claudio Bravo,955510.73,1860592.71
Clemens Riedel,986532.29,1366683.75
Clinton Mata,2025804.87,2646591.63
ClÃ©ment Lenglet,2020736.58,1774830.93
Cody Gakpo,1706293.00,1409321.69
Cole Palmer,1779843.33,1696960.86
Connor Roberts,1330905.48,1532513.31
Conor Bradley,1371006.18,1090240.29
Conor Gallagher,1756098.35,2185463.78
Copete,478187.86,901714.00
Corentin Tolisso,2768465.04,2342834.82
Craig Dawson,2161940.15,2088871.27
Cristhian Mosquera,815092.39,811251.40
Cristhian Stuani,870925.17,1475716.74
Cristian,381923.02,692319.48
Cristian CÃ¡sseres Jr.,863982.12,1210656.91
Cristian Gamboa,851115.44,1445843.71
Cristian Herrera,926073.29,1166407.61
Cristian Volpato,834797.63,647815.70
Cristiano Biraghi,1949290.12,3041030.07
Curtis Jones,1083373.50,1553411.55
Cyle Larin,1176426.67,860085.86
Cyril Ngonge,1031264.31,854997.71
CÃ©dric Bakambu,926073.29,1093947.25
CÃ©dric Soares,926073.29,1019269.06
CÃ©sar Azpilicueta,2166373.12,2462179.17
CÃ©sar Montes,1169837.77,1140530.54
Daichi Kamada,2612710.80,1702004.42
Daiki Hashioka,720824.59,974902.87
Daler Kuzyaev,1752272.35,2093563.56
Daley Blind,2773109.85,4398673.19
Daley Sinkgraven,955510.73,810441.81
DamiÃ¡n SuÃ¡rez,1065209.51,1956414.81
Dan Burn,1721393.16,2058187.75
Dan Ndoye,744221.75,753969.51
Dan-Axel Zagadou,2130946.94,2280947.53
Dango Ouattara,662654.08,715404.02
Dani GarcÃ­a,1687542.79,1993000.23
Dani RodrÃ­guez,1011942.24,1876595.91
Daniel Bandeira,981665.30,1037851.21
Daniel Batz,955510.73,1100366.59
Daniel Bentley,955510.73,908664.63
Daniel Boloca,1199632.41,1261381.92
Daniel Maldini,824119.71,630091.31
Daniel MuÃ±oz,1316871.66,1143498.52
Daniel Parejo,2902643.51,3723666.06
Daniel Vivian,1019821.70,1267371.75
Daniele Rugani,2373539.49,1714457.15
Danilho Doekhi,845364.38,882670.95
Danilo Cataldi,2016735.40,2301724.27
Danilo D'Ambrosio,1898746.61,3136166.87
Danilo Pereira,3010937.87,5216797.50
Danilo Soares,955510.73,1032065.90
Danny Ings,911378.78,1075423.33
Danny Welbeck,1584557.48,1629134.24
Danny da Costa,1120128.85,1658425.83
Dante,2666633.97,7906868.09
Dany Mota,1257627.98,1132478.51
Dara O'Shea,1196449.37,1398809.49
Darko BraÅ¡anac,716800.05,1474538.41
Darko LazoviÄ,1422585.20,1535000.57
Darlin Yongwa,598336.67,1050796.43
Darwin MachÃ­s,1278527.45,1252492.73
Darwin NÃºÃ±ez,1543739.36,1294032.54
David Brooks,1280666.16,1469207.56
David GarcÃ­a,1355589.80,1563295.70
David Gil,955510.73,905699.78
David LÃ³pez,2789765.19,4063826.40
David Okereke,866500.33,658276.02
David Pereira da Costa,1075729.33,1170583.49
David Raum,2271301.09,2386896.58
David Raya,975556.80,907769.14
David Soria,1051760.08,1125050.67
David Zima,481631.78,575241.60
Davide Bettella,302676.88,608623.73
Davide Biraschi,759492.62,894032.07
Davide Calabria,2662833.13,2210090.91
Davide Faraoni,1153151.95,1675871.48
Davide Frattesi,1037917.80,878867.39
Davide Zappacosta,1814046.37,1992894.87
Davie Selke,953357.54,849070.50
Davinson SÃ¡nchez,932186.50,1388178.97
Davy Klaassen,955510.73,974460.79
Dawid Kownacki,922921.20,769370.13
Dean Henderson,971880.73,799004.05
Deiver Machado,1316677.72,1626068.63
Dejan Kulusevski,1732534.24,1859473.14
Dejan Ljubicic,878150.23,1011425.46
Dejan Lovren,1707324.87,2147035.80
Demba Seck,630648.46,573658.70
Denis Genreau,598699.87,838589.67
Denis Huseinbasic,848634.10,864490.75
Denis PetriÄ,615130.82,1230318.64
Denis SuÃ¡rez,1165412.83,1500335.20
Denis Thomalla,955510.73,993298.61
Denis Zakaria,2356736.32,1938073.86
Deniz Undav,1367351.56,3135771.77
Dennis Geiger,549644.47,651462.13
Denzel Dumfries,1481118.27,1625737.62
Destiny Udogie,1613504.74,1282824.62
Diadie SamassÃ©kou,926073.29,790453.87
Didier Lamkel ZÃ©,808417.63,776099.47
Diego Carlos,2192733.89,2614000.27
Diego Coppola,715495.38,618295.46
Diego Demme,926073.29,1019437.17
Diego Llorente,2501086.10,2391081.63
Diego MariÃ±o,759492.62,1157138.44
Diego Rico,1371945.32,2155927.17
Dilane Bakwa,867897.25,887786.26
Dimitri Foulquier,1181589.33,1945607.96
Dimitry Bertaud,669224.31,659703.79
Diogo Dalot,1144180.43,1563071.32
Diogo Jota,1175568.88,1375663.60
Diogo Leite,1040488.72,1180654.58
Dion Lopy,785875.77,873592.95
Dion Moise Sahi,717393.50,675917.58
Divock Origi,808683.15,773922.44
DjenÃ©,1090315.80,1641456.34
Djibril Sow,1463260.08,1223911.54
Dodi Lukebakio,1580892.62,1074509.83
DodÃ´,1894175.73,1677667.51
Domagoj BradariÄ,903355.01,1303214.96
Domenico Berardi,2222181.75,1372816.22
Domingos AndrÃ© Ribeiro Almeida,852532.59,843576.54
Domingos Duarte,996757.73,1209197.55
Domingos Quina,364411.56,925696.09
Dominic Calvert-Lewin,1428283.22,695922.09
Dominic Solanke,1685746.25,1653573.94
Dominik Greif,649464.78,739555.00
Dominik Kohr,1179154.49,1671187.40
Dominik Szoboszlai,2320574.52,1774609.22
Dominique Heintz,1308520.49,1859465.80
Donny van de Beek,922921.20,755359.15
Donyell Malen,1228237.23,1670091.07
Douglas Luiz,2134542.23,1972422.14
Duje Äaleta-Car,1959980.67,1426168.85
DuvÃ¡n Zapata,1809591.66,2606785.38
Dwight McNeil,859935.06,1030854.02
Dylan Bronn,926073.29,790260.17
Eberechi Eze,1820791.34,1822906.10
Eddie Nketiah,1378335.66,814445.49
Ederson,975556.80,1032978.29
Edimilson Fernandes,1421546.36,1439676.82
Edmond Tapsoba,2161569.83,2358804.66
Edoardo Bove,761050.58,844616.03
Edoardo Goldaniga,1837891.54,1699725.36
Edon Zhegrova,1589442.85,1988084.21
Edson Ãlvarez,1329189.40,1289812.06
Eduard Sobol,926073.29,840788.75
El Bilal TourÃ©,658661.13,619882.92
El Chadaille Bitshiabu,483887.88,445629.68
Elayis Tavsan,356531.04,572077.51
Elia Caprile,605722.24,590992.56
Elif Elmas,2258484.54,1484666.04
Elijah Adebayo,1006682.11,1074492.97
Eliot Matazo,472427.62,549487.99
Elliot Anderson,738113.59,708368.54
Ellyes Skhiri,2633566.52,2174396.35
Elseid Hysaj,1807223.52,2136563.33
Elvis RexhbeÃ§aj,844805.58,894618.27
Elye Wahi,1125537.69,852141.36
Emanuel Emegha,902296.25,709936.12
Emanuel Vignato,665810.41,702177.67
Emanuele Valeri,698638.56,882865.67
Emerson,1752807.75,2149917.48
Emerson Palmieri,1444960.65,1820211.64
Emil Audero,894487.77,746312.80
Emil Bohinen,983827.94,1142887.59
Emil Ceide,575208.32,545295.40
Emil Holm,676001.67,881667.36
Emil Krafth,1674994.76,1911959.29
Emile Smith Rowe,586414.92,597198.71
Emiliano MartÃ­nez,975556.80,1108930.53
Emir Karic,1340067.55,1467896.12
Emmanuel Agbadou,1933966.90,1875537.46
Emmanuel Ekong,282105.80,502392.77
Emmanuel Gyasi,899103.28,1119560.99
Emre Can,2724440.43,2044354.91
Enes Ãnal,1252952.26,724014.59
Enzo Ebosse,314302.64,648874.13
Enzo Le FÃ©e,1729744.07,1672209.96
Enzo Loiodice,819436.61,1452668.35
Enzo Millot,1982752.30,1880533.72
Enzo Tchato,634260.54,889333.00
Eray CÃ¶mert,1345154.96,1388529.03
Eren DinkÃ§i,799954.03,1075600.94
Erhan MaÅ¡oviÄ,658838.52,744030.77
Eric Bailly,1406367.01,1523931.88
Eric Curbelo,759492.62,895965.19
Eric Dier,2623190.70,3099587.86
Eric GarcÃ­a,2047812.12,2515395.11
Eric Martel,642098.19,748748.60
Eric Maxim Choupo-Moting,2228221.80,2024077.20
Erik Botheim,644470.38,621148.35
Ermedin DemiroviÄ,1095130.05,1397867.33
Ethan Pinnock,1576543.72,1547417.71
Etrit Berisha,1003444.47,1308689.23
Evan Ferguson,954369.02,644807.67
Evann Guessand,846708.75,620153.93
Exequiel Palacios,2791191.53,4171235.81
Ezequiel Ãvila,1478674.04,1355728.10
Ezri Konsa,2106426.08,1940565.97
Fabian Bredlow,955510.73,852007.08
Fabian Holland,1252525.00,2048491.53
Fabian NÃ¼rnberger,1173523.86,1414878.79
Fabian Rieder,805497.78,903719.51
Fabian Schnellhardt,955510.73,911793.17
Fabian SchÃ¤r,1724734.93,2915274.35
Fabiano Parisi,1160058.31,1252175.66
Fabien Centonze,887158.52,1064750.94
Fabio Carvalho,658871.86,626372.70
Fabio Chiarodia,483887.88,420134.76
Fabio GonzÃ¡lez,894487.77,742326.22
Fabio Miretti,811336.56,718230.24
Fabio Vieira,624086.43,583703.31
Fabrizio Angileri,955510.73,912027.67
Facundo Medina,2008317.60,1800058.30
Facundo Pellistri,703481.05,643927.62
Faitout Maouassa,669224.31,671360.23
Falaye Sacko,1093229.32,1471955.04
Fali,934693.82,1157777.05
Fali CandÃ©,886890.94,872267.99
Famara Diedhiou,817749.51,689538.08
Faride Alidou,699325.02,573005.39
Fede San Emeterio,894487.77,793433.91
Federico Baschirotto,1347304.43,1270343.82
Federico Bonazzoli,1457585.83,1098624.20
Federico Di Francesco,841738.91,1049364.04
Federico Dimarco,3207929.92,2221049.55
Federico Fazio,1349645.85,1699564.47
Federico Gatti,1128346.32,1412917.27
Federico Gattoni,477027.69,1004869.66
Federico Ravaglia,644470.38,621656.71
Felipe,1427151.91,1708898.14
Felipe Anderson,2067417.48,2539631.30
Felix Agu,642149.29,887216.22
Felix Nmecha,688315.22,783424.92
Felix Passlack,758334.12,963396.23
Festy Ebosele,492091.72,428961.38
Fikayo Tomori,2988038.00,2296048.64
Filip JagieÅÅo,952749.68,1234469.53
Filip JÃ¸rgensen,647186.02,629846.77
Filip KostiÄ,1481082.44,1554254.68
Filip StojilkoviÄ,529313.67,614828.95
Filippo Ranocchia,649340.95,735562.00
Finn Dahmen,811204.64,795157.40
Finn Ole Becker,529343.63,913926.49
Flavius Daniliuc,754947.29,902379.29
Florent Mollet,1976564.16,2819135.46
Florent Muslija,831902.19,786098.25
Florent Ogier,1028720.40,1800354.23
Florian Dietz,549644.47,653488.20
Florian Grillitsch,2160619.98,2386176.98
Florian Kainz,1185278.64,1456390.56
Florian Lejeune,1847578.69,2707837.46
Florian Neuhaus,2183272.65,1405591.96
Florian Pick,955510.73,830564.49
Florian Sotoca,1655905.45,2436621.51
Florian Thauvin,1568737.06,1362777.79
Florian Wirtz,2366730.69,2837393.48
FodÃ© Ballo-TourÃ©,894487.77,743779.07
Folarin Balogun,1395472.53,913516.08
Formose Mendy,798857.14,1025604.29
Fran BeltrÃ¡n,1172449.37,1298075.14
Fran Garcia,2206697.23,1776667.13
Francesco Acerbi,2237894.09,4153484.77
Francesco Caputo,1211317.69,1454293.40
Francis Coquelin,1754369.64,1827283.72
Franck Honorat,1490720.86,1506340.78
Franco Cervi,1161092.16,1071317.60
Frank Magri,1107764.88,816960.28
Frank Onyeka,773619.33,896080.95
Frank Ronstadt,698381.73,695673.48
Fraser Hornby,644470.38,617339.74
Fred Onyedinma,793604.40,586636.67
Frederic Guilbert,1479689.81,2071274.82
Frederik RÃ¸nnow,975556.80,1104768.44
Fredrik Jensen,1020911.89,834952.16
FÃ¡bio Silva,589161.85,512261.00
Gabriel Gudmundsson,722790.32,993318.83
Gabriel MagalhÃ£es,3097655.48,2362961.57
Gabriel Osho,715337.35,881064.55
Gabriel Paulista,1990918.37,2070609.13
Gabriel Strefezza,1481395.96,888285.71
Gabriel Veiga,269791.75,502507.11
Gabriele Zappa,781296.41,1238191.36
Gaetano Castrovilli,894487.77,794267.74
Gaetano Oristanio,782104.15,577646.31
GastÃ³n Ãlvarez,661000.04,874678.01
Gautier Lloris,1532057.81,1417604.52
Gavi,1128695.79,812835.12
GaÃ«tan Laborde,1760054.42,1321874.79
Gedeon Kalulu,1046742.70,1330049.13
Gelabert,665442.53,1120964.64
Genki Haraguchi,759492.62,1084288.39
Gennaro Borrelli,179176.77,398128.49
Geoffrey Kondogbia,1884123.94,2264625.03
George Baldock,878373.96,1258996.04
George PuÈcaÈ,991996.78,723128.44
Georges Mikautadze,1128665.29,992881.58
Gerard Gumbau,1586836.85,1703591.01
Gerard Moreno,2704421.68,2956510.12
GermÃ¡n Pezzella,1747292.98,1967794.52
Gerrit Holtmann,955510.73,857662.51
Gerzino Nyamsi,1582824.17,1315455.60
Giacomo Bonaventura,2235137.17,3144162.36
Giacomo Raspadori,1362673.33,1277369.49
Gian Marco Ferrari,1914136.41,2082510.45
Giangiacomo Magnani,997924.32,1022282.81
Gianluca Caprari,1542135.21,1348284.70
Gianluca Gaetano,895225.22,787884.01
Gianluca Lapadula,1203137.01,1124352.07
Gianluca Mancini,2691541.95,2351218.73
Gianluca Scamacca,1504779.79,1686918.52
Gino Infantino,483887.88,506098.11
Gio Reyna,1089973.43,878296.40
Giorgi Mamardashvili,659794.94,670901.46
Giorgio Scalvini,765044.06,1006304.17
Giorgos Kyriakopoulos,1760448.37,1707520.73
Giovani Lo Celso,3686415.94,3299902.86
Giovanni Di Lorenzo,3399744.16,4059025.92
Giovanni GonzÃ¡lez,995063.16,1697349.08
Giovanni Simeone,1201341.08,785357.00
Giulio Donati,926073.29,1159550.68
Giulio Maggiore,1188366.03,1275308.91
Giuseppe Caso,669224.31,668371.92
Giuseppe Pezzella,757884.96,897629.59
Gonzalo Escalante,1161947.19,1390903.88
Gonzalo Melero,938847.35,1106487.12
Gonzalo Montiel,1067203.19,1214898.56
Gonzalo Villar,1182012.12,1220290.31
GonÃ§alo Guedes,1872460.33,1116932.54
GonÃ§alo PaciÃªncia,1074763.65,958287.62
GonÃ§alo Ramos,1064693.73,1092210.13
Gorka Guruzeta,1222427.78,1733350.58
Granit Xhaka,2932049.56,6647670.70
Gregor Kobel,836684.62,779934.44
Grejohn Kyei,1323647.28,1082074.39
Grigoris Kastanos,1122208.72,1297496.35
Grischa PrÃ¶mel,1495621.60,1849165.39
GrÃ©goire Coudert,549644.47,654723.08
GrÃ©goire Defrel,1454818.46,1249076.67
Guglielmo Vicario,1015887.78,875090.76
Guido RodrÃ­guez,2153921.93,2062960.65
Guillaume Dietsch,268533.86,571620.12
Guillermo MaripÃ¡n,2048137.15,1856199.68
Guillermo Ochoa,1006199.08,1636754.63
Gustavo Hamer,1035370.05,1278320.47
Habib Diarra,1018771.91,773835.17
Habib Keita,737106.99,1007485.72
Habib MaÃ¯ga,926073.29,796317.52
Hamari TraorÃ©,1973411.12,2619433.76
Hamed Junior TraorÃ¨,952771.47,944300.87
Hamza Rafia,687238.63,860650.40
Han-Noah Massengo,381975.99,537283.55
Hannes Delcroix,1203278.41,1255468.59
Hannibal Mejbri,611542.36,546306.69
Hans Hateboer,1421218.19,1624062.25
Hans Nicolussi Caviglia,586414.92,590843.56
Harrison Reed,1621484.86,1723201.63
Harry Toffolo,963345.54,1008681.38
Harry Wilson,1726515.33,1338591.68
Harvey Barnes,1699652.12,1079963.42
Harvey Elliott,2023791.27,1559284.56
Hassane Kamara,838296.62,1212031.91
Henrikh Mkhitaryan,3225012.86,3181673.56
Henrique,2215895.21,2266591.88
Hianga Mananga Mbock,500997.96,1279117.82
Hicham Boudaoui,1122216.02,1148324.84
Hiroki Ito,1773208.40,2622938.76
Houboulang Mendes,794535.73,706888.12
Houssem Aouar,1488014.66,1290385.03
Hrvoje SmolÄiÄ,851157.78,3446654.46
Hugo Duro,1147847.02,1364571.56
Hugo Ekitike,881299.64,677991.07
Hugo GuillamÃ³n,855567.36,1115905.82
Hugo Magnetti,1153215.90,1322092.83
Hwang Hee-chan,1799803.75,1827097.47
HÃ©ctor BellerÃ­n,1477797.82,1980173.70
Iago,927919.42,1019955.56
Iago Aspas,2575832.27,2757001.79
Ian Maatsen,1410516.74,1651007.87
Ianis Hagi,806228.20,693355.65
Ibrahim SangarÃ©,1162139.04,901005.14
Ibrahima Kebe,268533.86,571837.21
Ibrahima KonatÃ©,1751848.59,2016054.46
Ibrahima KonÃ©,685058.89,624124.78
Ibrahima Sissoko,1024482.48,1096432.89
Iddrisu Baba,1304155.25,1249723.71
Idrissa Gana Gueye,1667240.04,2321084.59
Iglesias,620130.46,854985.38
Ignasi Miquel,1183225.22,1881229.89
Ignatius Ganago,669224.31,657710.69
Igor,2267130.89,2473462.91
Igor Carioca,922921.20,747349.17
Igor Zubeldia,2056846.66,1779603.05
Ihlas Bebou,1714006.25,1772905.51
Iker Muniain,1834168.72,2731758.27
Ilaix Moriba,617425.67,574889.88
Ilario Monterisi,952852.93,1327356.86
Ilia Gruev,638860.67,1478211.36
Iliman Ndiaye,1450417.34,1175269.54
Imanol,818935.29,1227290.59
Imran Louza,1295597.10,1619328.30
IonuÈ Radu,698381.73,696902.67
Iron Gomis,529313.67,614596.73
Irvin Cardona,697890.83,707385.81
Isaac Carcelen,928765.29,1522408.18
Isaac PalazÃ³n Camacho,1160501.38,1380060.88
Isaac Success,926397.73,743287.81
Isco,3903331.64,3243032.00
Ismail Jakobs,1093162.08,1152897.27
Ismaila Sarr,1536333.30,1022908.75
Ismaily,1664624.68,2675594.59
IsmaÃ«l Bennacer,2551288.31,1939567.55
IsmaÃ«l DoukourÃ©,856363.57,858884.06
IsmaÃ«l TraorÃ©,1232696.37,2074309.33
Issa Diop,1858435.01,1789458.22
Issa KaborÃ©,602299.52,846889.23
Issa SoumarÃ©,512526.69,706440.47
Issiaga Sylla,1033554.54,1529515.50
Ivan Cavaleiro,1108533.30,1405355.87
Ivan IliÄ,1233122.60,1417999.72
Ivan Ordets,1083328.24,862580.20
Ivan Provedel,975556.80,1017628.57
Ivan RakitiÄ,2386095.04,3475707.50
Ivan Toney,1376678.54,1051484.32
Ivo GrbiÄ,955510.73,817051.01
IvÃ¡n Alejo,830693.19,853954.74
IvÃ¡n Balliu,1005715.94,1919509.82
IvÃ¡n MartÃ­n,1565416.43,2086328.71
IvÃ¡n Villar,794535.73,725182.30
IÃ±aki PeÃ±a,669224.31,677953.99
IÃ±igo Lekue,1682097.39,2156278.33
IÃ±igo Ruiz de Galarreta,1481449.89,2067002.90
Jack Cork,926073.29,1159368.00
Jack Harrison,990281.10,979326.45
Jack Robinson,1050672.15,1282905.83
Jacob Brown,954224.64,550085.96
Jacob Bruun Larsen,1022879.48,1066317.79
Jacob Murphy,1344737.86,1525923.61
Jacob Ramsey,688088.24,620878.74
Jadon Sancho,1918480.76,1195847.03
Jaidon Anthony,951072.96,960488.96
Jaime BÃ¡ez,1170805.85,1301109.48
Jaime Mata,1489648.53,1922935.29
Jaka Bijol,805456.05,762316.37
Jakub Jankto,1128232.21,950879.20
Jakub KamiÅski,690108.17,737797.90
Jakub Kiwior,1178232.00,1483579.65
Jakub Moder,695794.68,1069408.48
Jamaal Lascelles,1785349.97,1661718.71
Jamal Musiala,2233222.03,1351994.45
James Garner,675177.26,878119.03
James Hill,384749.39,1094352.82
James Milner,3174777.36,5520628.47
James Tarkowski,1393881.15,1333303.14
James Tomkins,926073.29,1235565.02
James Trafford,601522.14,569717.66
James Ward-Prowse,2320064.41,2361792.53
Jamie Bynoe-Gittens,870424.59,557352.48
Jamie Leweling,962115.34,1019403.30
Jan Paul van Hecke,1483422.16,2227643.33
Jan SchÃ¶ppner,695830.17,750451.54
Jan Thielmann,537187.00,500292.20
Jan-Niklas Beste,717489.21,1100784.41
Janik Haberer,938862.63,1321829.52
Janis Blaswich,1006199.08,1188819.40
Jannik MÃ¼ller,995174.88,1214369.13
Jaouen Hadjam,483887.88,508647.88
Jarrad Branthwaite,785489.19,867306.61
Jarrod Bowen,1428933.59,2025837.61
Jason Steele,1006199.08,1167387.56
Jaume Costa,1083068.12,2372863.86
Jaume DomÃ©nech,926073.29,1086875.07
Javi GalÃ¡n,1415396.80,1565046.10
Javi HernÃ¡ndez,854246.26,1147617.09
Javi LÃ³pez,535385.12,987311.40
Javier Manquillo,1289930.79,1702882.87
Javier MuÃ±oz,1546866.32,1892237.15
Jay Rodriguez,962823.87,1159655.77
Jayden Bogle,620011.37,844786.21
JaÃ¯ro Riedewald,922921.20,751491.72
Jean Frederic N'Guessan,483887.88,507853.62
Jean Onana,1423008.42,1608050.59
Jean-Charles Castelletto,1696688.27,1839209.35
Jean-Clair Todibo,2316737.44,2576381.48
Jean-Daniel Akpa-Akpro,993375.40,1107789.96
Jean-Kevin Duverne,1054667.87,1325507.76
Jean-Philippe Mateta,1634386.61,1510408.43
Jean-Ricner Bellegarde,864926.39,960357.18
Jean-Victor Makengo,1607750.41,1416322.79
Jefferson Lerma,1191421.38,1610208.56
Jeffrey Gouweleeuw,1333374.69,1905501.60
Jeffrey Schlupp,1117150.78,1130201.42
Jens Cajuste,927674.45,916766.50
Jens Grahl,926073.29,1259738.62
Jens Odgaard,846378.45,879720.12
Jens Petter Hauge,644470.38,618453.44
Jens Stage,990499.90,1158731.76
Jeong Woo-yeong,1247605.29,1296197.07
Jeremie Boga,2073186.83,1460463.53
Jeremie Frimpong,1502713.18,1734941.01
Jeremy Doku,1814213.56,1090607.74
Jeremy Toljan,1274922.29,1672387.30
JeremÃ­as Ledesma,975556.80,1109571.34
Jesper Karlsson,669224.31,661257.54
Jesper LindstrÃ¸m,1148580.09,911715.25
Jessic Ngankam,616286.33,542512.45
Jessy Deminguet,1191953.51,982284.97
Jesus Vazquez,573257.49,522445.25
JesÃºs Areso,648988.17,1321421.68
JesÃºs Corona,1411316.36,2181410.00
JesÃºs Navas,1871540.31,4017275.74
JesÃºs Vallejo,894487.77,742010.91
Jhon DurÃ¡n,717610.78,671849.14
Jhon LucumÃ­,1865969.98,1996384.31
Jim Allevinah,926914.34,1186275.35
JiÅÃ­ Pavlenka,955510.73,1046380.08
Joachim Andersen,2051196.65,1898072.67
Joakim MÃ¦hle,2113670.36,1764879.41
Joan GonzÃ lez,610195.94,581457.43
Joan JordÃ¡n,2419284.31,1728888.84
Joe Gomez,1555174.19,2021759.91
Joe Rothwell,1182816.17,1886740.53
Joe Scally,872769.91,1143440.64
Joe Willock,778610.39,767330.99
Joel Asoro,718517.44,615569.15
Joel Ward,1051159.91,1805136.13
Joelinton,1607502.29,1221311.05
Johan Gastien,1694699.56,3820922.59
Johan Mojica,1541331.32,2143140.34
Johan VÃ¡squez,785653.50,1093839.24
Johann Lepenant,589161.85,509876.77
John Brooks,1733872.67,1750039.09
John Egan,588176.71,974197.62
John Fleck,926073.29,1022840.41
John McGinn,1724262.72,1919526.56
Jon Guridi,1292693.79,1357160.82
Jon Karrikaburu,390181.93,424495.01
Jon Moncayola,1344934.35,1438177.19
Jon Pacheco,1175910.18,1476075.00
Jonas FÃ¶hrenbach,964268.66,1329849.21
Jonas Hofmann,3937869.90,3397747.00
Jonas Martin,2390660.75,3265678.61
Jonas Omlin,955510.73,936027.80
Jonas Wind,1316003.29,1403322.47
Jonathan Bamba,1685842.02,1349678.37
Jonathan Burkardt,977044.90,879666.70
Jonathan Clauss,2997665.96,3254772.44
Jonathan David,1735630.92,1996755.66
Jonathan Gradit,2175913.78,2271643.65
Jonathan Ikone,1395519.55,1118598.02
Jonathan Tah,3281177.98,3407385.82
Jonathan Viera,3231990.13,2776922.46
Jonny Castro,683406.68,893316.64
Jonny Evans,1912536.17,2272515.63
Jordan Amavi,926073.29,954521.54
Jordan Ayew,1218763.58,1866588.87
Jordan Beyer,1103372.33,1278486.16
Jordan Clark,864529.39,1174536.07
Jordan Ferri,1957871.09,2899919.60
Jordan Lotomba,1012843.69,1231826.42
Jordan Pefok,1422253.05,986387.11
Jordan Pickford,1051760.08,1060165.68
Jordan Veretout,2021551.28,2127230.59
Jordan Zemura,655178.17,855533.46
Jordi Mboula,672822.35,702519.91
Jorge Cuenca,1281093.97,1414218.98
Jorge MerÃ©,838644.00,871857.28
Jorge de Frutos,1126553.68,1074316.89
Jorginho,2765889.47,3218075.89
Joris Chotard,617557.78,894295.31
Joseba ZaldÃºa,873005.92,1097928.21
Joselu,1546092.69,1861937.48
Josep Martinez,752966.52,763041.18
Joseph Aidoo,1162525.15,1147318.74
Joseph Okumu,1426795.04,1818174.35
Josh Brownhill,1486859.26,1520103.84
Josh Cullen,2748209.20,1915098.40
Josh Dasilva,549644.47,651006.11
Josh Doig,558042.40,680340.52
Josha Vagnoman,909346.09,1268208.38
Joshua Zirkzee,1017492.15,1223607.93
Josip Brekalo,1051114.01,1313724.03
Josip JuranoviÄ,1313507.03,1158539.53
Josip StaniÅ¡iÄ,2806542.54,2103211.47
Josuha Guilavogui,1551468.13,2229214.54
JosuÃ© Casimir,619127.83,823567.48
JosÃ© Arnaiz,1312806.72,1096927.07
JosÃ© CallejÃ³n,1248521.24,2252032.09
JosÃ© Luis GarcÃ­a VayÃ¡,1332024.71,1097786.44
JosÃ© Luis GayÃ ,2009297.79,1839392.16
JosÃ© Luis Morales,1539102.38,1811858.64
JosÃ© Luis Palomino,926073.29,1159368.00
JosÃ© Mari,759492.62,1315279.58
JosÃ© MarÃ­a GimÃ©nez,1937894.87,1308445.34
JosÃ© Pozo,683912.80,787437.77
JosÃ© SÃ¡,975556.80,1131120.65
Jovane Cabral,722391.86,937071.01
JoÃ£o Ferreira,620472.08,917498.97
JoÃ£o FÃ©lix,1642592.84,1616948.78
JoÃ£o Gomes,850017.80,1032085.63
JoÃ£o Palhinha,1572139.48,1608717.44
JoÃ£o Pedro,1026649.16,899951.71
JoÃ«l Matip,2033321.52,2343347.15
JoÃ«l Veltman,1467523.94,2167385.21
Juan BrandÃ¡riz,998159.80,1038180.65
Juan Cruz Armada,1262140.57,1921931.58
Juan Cruz_1,529313.67,613406.95
Juan Cruz_2,643321.67,889978.64
Juan Cuadrado,2594585.01,2314933.86
Juan David Cabal,570117.70,804041.75
Juan Foyth,1545988.19,1690503.20
Juan Jesus,2291382.31,3110048.05
Juan Miranda,1027452.06,1360804.65
Juan Musso,955510.73,937655.26
Juanmi,1276053.80,1269856.58
Juanpe,1536653.45,2337306.30
Julen Agirrezabala,481631.78,576399.24
Julian Araujo,741364.57,988964.72
Julian Brandt,3805273.12,2429887.65
Julian Chabot,1397884.28,1166349.39
Julian Justvan,1142081.10,1115920.16
Julian Ryerson,1874411.18,2015995.72
Julian Weigl,2191221.59,1528912.92
Julien Laporte,1731645.79,1523298.72
Julien Le Cardinal,1012148.26,1153320.77
Julien Ponceau,1164398.07,1298517.70
Julio Enciso,568638.18,441118.89
JuliÃ¡n Malatini,596827.78,1092286.19
JuliÃ¡n Ãlvarez,1922214.24,1705599.79
Junior Dina Ebimbe,1095900.57,1341511.25
Junior Messias,1040847.18,1380369.15
Junior Sambia,1068710.54,1071941.36
Junya Ito,1855788.78,1907344.71
JurriÃ«n Timber,472427.62,537786.24
Justin Kluivert,1007684.17,909549.62
JÃ©rÃ©mie Bela,955510.73,972949.01
JÃ©rÃ©my Le Douaron,1176976.77,829158.72
JÃ©rÃ´me Boateng,955510.73,1253462.59
JÃ©rÃ´me Roussillon,963652.93,1378846.51
JÃ³hann Berg GuÃ°mundsson,1380931.95,1768649.81
JÃ¸rgen Strand Larsen,1210290.91,1460341.79
Kacper Urbanski,788216.87,591492.40
Kaiky,698947.79,592853.90
Kamil JÃ³Åºwiak,757805.62,722897.29
Kamil PiÄtkowski,435171.96,812858.61
Kamory Doumbia,1100621.85,1325748.42
Kaoru Mitoma,1488186.36,1276600.66
Karamoko Dembele,269791.75,502489.52
Karim Adeyemi,749899.31,692361.95
Karim Onisiwo,1147309.67,1023990.22
Karlo LuliÄ,551588.42,1074095.99
Karol Linetty,1486554.47,1315934.64
Karol Åwiderski,1013953.70,654711.56
Kasim Nuhu,683406.68,786064.75
Keane Lewis-Potter,703016.53,814868.67
Keinan Davis,698381.73,699619.13
Keito Nakamura,834781.94,935983.52
Kelvin Amian,760104.00,1016058.52
Kelvin Yeboah,644470.38,622647.44
Kenny Lala,2306501.04,3422863.95
Kenny Tete,1114438.15,1607612.20
Kepa Arrizabalaga,1003444.47,887605.65
Keven Schlotterbeck,1413934.93,1304214.36
Kevin Akpoguma,1910245.44,1678217.31
Kevin Behrens,1277999.37,1384900.55
Kevin Bonifazi,1642926.96,1939769.98
Kevin Danso,1444436.16,1395007.59
Kevin Kampl,2469957.41,2769126.54
Kevin Mbabu,1216066.22,1251018.46
Kevin MÃ¼ller,975556.80,1261227.84
Kevin Paredes,871491.00,887569.80
Kevin Schade,658661.13,631773.40
Kevin Sessa,576567.64,802062.48
Kevin Strootman,1650503.50,1967027.14
Kevin StÃ¶ger,1806629.64,2149879.19
Kevin Trapp,975556.80,1249807.54
Kevin Vogt,1981883.66,2286307.03
Kevin Volland,1514375.01,1119632.88
Kevin VÃ¡zquez,940564.16,1528200.43
Khvicha Kvaratskhelia,1468948.87,1756782.18
KhÃ©phren Thuram,946912.18,996368.59
Kieffer Moore,647531.09,747281.53
Kieran Tierney,1690918.98,1625918.06
Kieran Trippier,2231359.60,4918976.66
Kike Barja,902825.36,946733.15
Kike PÃ©rez,1103135.58,1171509.16
Kiko FemenÃ­a,1661599.69,2595166.88
KikÃ©,1230535.49,1241407.62
Kilian Fischer,586414.92,581540.84
Kiliann Sildillia,749721.33,1170475.65
Kingsley Ehizibue,814820.10,683138.43
Kirian RodrÃ­guez,2540665.10,5869728.29
Klaus Gjasula,1292489.62,1976125.42
Ko Itakura,2097361.21,1538281.60
Koen Casteels,1006199.08,1065294.33
Koffi Djidji,1564321.42,1787928.46
Koffi Kouao,953338.39,1153717.00
Koke,3338565.48,4400384.19
Komnen AndriÄ,926073.29,796624.27
Konrad Laimer,2876209.19,1728098.95
Konstantinos Mavropanos,1049094.47,1142007.58
Kostas Manolas,1710718.67,1667444.26
Kostas Tsimikas,2433635.09,2560925.72
Kristian Thorstvedt,924901.67,1306729.65
Kristijan JakiÄ,1245558.10,1407591.21
Kristjan Asllani,1441433.07,2162077.38
Kristoffer Ajer,955555.12,1007690.31
KrÃ©pin Diatta,1856085.09,1466376.86
Kurt Zouma,1354835.66,1351241.82
KÃ©vin Gameiro,1947446.30,1956815.57
KÃ©vin N'Doram,1141879.02,1098919.58
KÃ©vin Van Den Kerkhof,876045.83,998219.38
Largie Ramazani,391918.92,657513.44
Lassana Coulibaly,1240028.64,1205584.58
Laurent Abergel,2246064.56,3061088.02
Lautaro Gianetti,1219709.07,1378882.01
Layvin Kurzawa,683406.68,952378.07
Lazar Samardzic,670489.36,898756.06
Leander Dendoncker,955510.73,908386.87
Leandro Barreiro Martins,707829.90,918956.01
Leandro Paredes,3045434.31,2661521.68
Leandro Trossard,1624406.70,2153473.41
Leart Paqarada,1246363.05,1399396.67
Lebo Mothiba,930443.41,689180.33
Lee Jae-sung,1835948.44,2045994.13
Lee Kang-in,2343222.82,1973309.50
Lennard Maloney,721643.92,879391.39
Leo Skiri ÃstigÃ¥rd,1663763.49,1752907.28
Leon Bailey,1527743.43,1929996.33
Leonardo Balerdi,1503484.50,1725487.05
Leonardo Bittencourt,1487908.94,1660381.75
Leonardo Bonucci,1254357.51,2061761.31
Leonardo Pavoletti,946876.16,1173822.98
Leonardo Spinazzola,1243757.02,1524014.21
Leonidas Stergiou,896626.67,1208817.81
Lesley Ugochukwu,589161.85,483732.14
Levi Colwill,1083521.98,1170205.34
Lewis Cook,1155844.09,1440098.74
Lewis Dunk,3144330.03,6942077.06
Lewis Ferguson,1612069.68,2214675.06
Liam Henderson,1140042.89,1410151.09
Liberato Cacace,713597.45,1172403.89
Lilian Brassier,1214926.75,1759422.69
Lilian Egloff,483887.88,507056.85
Linton Maina,703054.56,811360.94
Lisandro MartÃ­nez,1874000.12,1495079.82
Lloyd Kelly,871708.21,1181919.21
Logan Costa,778254.37,1322088.04
Lorenz Assignon,756945.17,1092353.06
Lorenzo Colombo,768232.26,608061.98
Lorenzo De Silvestri,2059761.89,2525375.67
Lorenzo Lucca,772108.28,810441.65
Lorenzo MontipÃ²,1051760.08,939772.25
Lorenzo Pellegrini,1554196.99,1565914.03
Lorenzo Pirola,715114.85,871906.93
Lorenzo Venuti,1209579.76,1623706.99
Loris Karius,759492.62,895965.19
Loris Mouyokolo,349717.60,537158.76
Loum Tchaouna,801112.27,747081.82
Lovro Majer,1885003.78,1400271.77
LoÃ¯c Bade,997797.73,1097997.05
LoÃ¯c Nego,1059161.45,1912353.27
LoÃ¯s Openda,1336062.33,2032663.39
Luca Caldirola,2498902.97,2791123.49
Luca Garritano,1013801.13,1081597.33
Luca Gemello,356531.04,572632.81
Luca Kilian,655344.36,792499.94
Luca Mazzitelli,1927500.89,2230679.87
Luca Netz,763235.24,892069.76
Luca Pellegrini,1164539.49,1702956.35
Luca Pfeiffer,1141021.64,836854.99
Luca Ranieri,1536497.56,1728327.67
Luca Waldschmidt,1246770.59,1067971.39
Luca de la Torre,800274.33,1007818.49
Lucas Beraldo,1655718.06,1768895.74
Lucas BoyÃ©,1115504.76,1154395.11
Lucas Chevalier,587275.87,621300.47
Lucas Digne,1720740.85,2095797.88
Lucas HÃ¶ler,1403966.33,1314619.97
Lucas MartÃ­nez Quarta,2041890.90,2695223.91
Lucas Ocampos,1216598.82,1466733.17
Lucas PaquetÃ¡,1953159.32,1779553.13
Lucas Perrin,1204217.66,1588591.01
Lucas Robertone,1380116.17,1311583.87
Lucas TorrÃ³,1308141.05,1316422.29
Lucas Tousart,918686.60,786475.27
Lucien Agoume,722084.98,849443.52
Ludovic Ajorque,1309772.72,1070351.39
Ludovic Blas,1392712.33,1031297.47
Luis Alberto,3210842.28,3492701.52
Luis DÃ­az,2683938.63,1857876.41
Luis Henrique,900412.60,1050092.57
Luis HernÃ¡ndez,1053568.50,1875947.30
Luis Javier SuÃ¡rez,897499.04,615546.95
Luis Milla,1408353.07,1594417.07
Luis Rioja,895368.25,1203794.43
Luis Sinisterra,1282579.58,708151.63
Luiz Felipe,1714477.95,981710.86
Luiz Henrique,792492.17,727294.05
Luka JoviÄ,1180871.95,881041.92
Luka Romero,674639.08,553197.56
Lukas Daschner,628238.84,786129.36
Lukas Klostermann,2736264.13,2082734.77
Lukas KÃ¼bler,972348.32,1952791.38
Lukas Nmecha,559620.91,692719.54
Luke Berry,1046022.84,1131661.87
Luke Shaw,1375526.21,1801548.10
Luke Thomas,885223.02,1288914.37
LukÃ¡Å¡ HrÃ¡deckÃ½,975556.80,1338418.36
LuÃ­s Maximiano,683264.27,752713.95
Lyle Foster,944918.30,701071.61
LÃ¡zaro,651039.39,770498.89
LÃ©o BaptistÃ£o,1240696.18,1485246.98
LÃ©o Leroy,640807.53,643345.07
M'Bala Nzola,1861268.44,970534.06
M'Baye Niang,805737.01,579269.68
Mads Juel Andersen,806803.44,753126.78
Mads Pedersen,910743.05,1206929.67
Mads Roerslev,633189.02,957922.51
Maduka Okoye,678658.55,665546.99
Maghnes Akliouche,1391476.66,1452102.52
Mahdi Camara,1295673.78,1424520.10
Mahmoud Dahoud,2133396.40,2259625.43
Makoto Hasebe,955510.73,1722659.89
Malick Fofana,1261832.64,616134.60
Malick Thiaw,1194962.39,1375632.94
Malo Gusto,1780550.15,1626815.23
Mama Samba BaldÃ©,1490769.13,1017658.20
Mamadou Sakho,683406.68,1153758.24
Mamadou Sylla,519326.37,710907.58
Mamady BangrÃ©,513989.03,687489.76
Manor Solomon,552123.04,636819.95
Manu KonÃ©,979719.54,840851.71
Manu Morlanes,1045893.57,1145882.91
Manu SÃ¡nchez,647970.46,977111.09
Manu Trigueros,1636518.34,2244142.96
Manuel Gulde,1721219.60,2287649.25
Manuel Lazzari,2114233.68,1813743.38
Manuel Locatelli,2216353.58,1869403.55
Manuel Riemann,975556.80,1426807.63
Marash Kumbulla,644470.38,620734.08
Marc Bartra,926073.29,1094510.83
Marc Cardona,1140082.08,1355957.12
Marc GuÃ©hi,1054438.07,1336435.58
Marc MartÃ­nez,926073.29,1162413.18
Marc Roca,2268111.16,1838144.54
Marc-AndrÃ© ter Stegen,975556.80,1146023.63
Marcel Sabitzer,1724292.41,1586963.14
Marcel Schuhen,975556.80,1094764.86
Marcin BuÅka,657991.01,709302.70
Marcin Listkowski,399355.03,691725.87
Marco Bizot,975556.80,1249720.02
Marco Brescianini,745779.93,1062506.26
Marco Carnesecchi,617523.33,638676.88
Marco Friedl,1299961.01,1219760.11
Marco Mancosu,926073.29,1191347.75
Marco Reus,2047464.62,2455153.44
Marco Richter,914640.57,941821.57
Marco Silvestri,1006199.08,1167387.56
Marco Sportiello,955510.73,1046380.08
Marcos AcuÃ±a,1451288.17,2035816.83
Marcos Alonso,2700666.75,3762033.78
Marcos Llorente,2361732.45,2221680.08
Marcos Senesi,1836496.34,1747524.58
Marcus Coco,909488.29,1097680.05
Marcus Pedersen,669400.72,916918.85
Marcus Tavernier,879392.34,1115375.59
Marcus Thuram,1787928.48,1619782.72
MarcÃ£o,922921.20,750204.12
Mariano,955510.73,909013.99
Marin PongraÄiÄ,1600303.60,1380868.23
Mario GÃ¶tze,2109687.10,3072100.82
Mario Hermoso,2552818.98,2660864.68
Mario Lemina,1551860.01,2115860.52
Mario PaÅ¡aliÄ,2085763.55,1788853.29
Marius BÃ¼lter,1362708.74,1770614.18
Marius Wolf,2121333.58,1884285.29
Mark Flekken,1051760.08,1072019.75
Mark Travers,669224.31,659703.79
Mark Uth,955510.73,1059082.88
Marko ArnautoviÄ,1472177.39,2026109.86
Marko DmitroviÄ,1003444.47,1075327.36
Marley AkÃ©,268533.86,570990.04
Marnon Busch,1295935.11,1837494.43
Marshall Munetsi,1114239.47,1088279.17
Marten de Roon,2161849.10,2754982.74
Martin DÃºbravka,1006199.08,1359338.64
Martin Erlic,964859.31,1135528.64
Martin Hongla,1039087.97,1170857.81
Martin Satriano,835512.06,755616.47
Martin Terrier,2222832.81,1357374.51
Martin Valjent,969766.28,1128349.46
MartÃ­n Payero,695546.38,772520.29
MartÃ­n Zubimendi,1793484.06,1743655.57
Marvelous Nakamba,1463897.98,1156170.95
Marvin Cuni,690949.41,517141.66
Marvin Ducksch,1486101.71,1700613.98
Marvin Friedrich,2043423.82,1455945.05
Marvin Mehlem,736743.52,1122278.78
Marvin Pieringer,716438.33,692032.46
Marvin SchwÃ¤be,975556.80,976561.00
Marvin Senaya,583813.38,1027520.10
Masaya Okugawa,759492.62,787616.99
Mason Greenwood,1257692.00,1112004.67
Mason Holgate,992060.23,715537.12
Massadio HaÃ¯dara,1411730.16,1834003.55
Massamba Ndiaye,575208.32,544538.12
Matej Kovar,384321.06,610449.58
Matej Maglica,955152.28,1149615.41
Mateo KovaÄiÄ,2506566.76,3702650.64
Mateo Retegui,1106184.29,869873.38
Mateu Morey,529313.67,613400.73
Matheus Cunha,1091903.32,1468493.22
Matheus Henrique,1010192.09,1125690.99
Matheus Nunes,2451602.32,1671218.99
Mathias Honsak,910461.65,812066.11
Mathias Jensen,1637430.41,1706891.49
Mathias JÃ¸rgensen,1174515.17,1999088.86
Mathias Olesen,481631.78,576316.99
Mathias Pereira Lage,1399423.32,1088397.43
Mathieu Gorgelin,759492.62,1085454.89
Mathys Tel,1850885.80,1078688.20
MathÃ­as Olivera,2211008.22,2055904.17
Matias Arezo,589161.85,517843.43
Matija NastasiÄ,1081539.64,1444158.55
Matondo-Merveille Papela,586414.92,584708.83
Mats Hummels,2362746.54,3769875.65
Matt Doherty,1279096.79,1993156.61
Matt Ritchie,955510.73,1252241.28
Matt Targett,926073.29,790598.09
Matt Turner,1006199.08,903901.02
Matteo Cancellieri,748819.68,599372.54
Matteo Darmian,1878961.46,2736658.78
Matteo Gabbia,1803180.83,1667884.72
Matteo Lovato,647994.53,906992.74
Matteo Pessina,2058162.42,1801459.82
Matteo Politano,3144530.89,2345010.75
Matteo Ruggeri,1095119.93,1203258.28
Matthias Bader,1000679.56,1293313.25
Matthias Ginter,2330358.62,1946513.80
Matthieu Udol,1062341.03,1463887.20
Matthis Abline,1043000.77,632676.20
Mattia Bani,1412357.97,1481159.17
Mattia De Sciglio,759492.62,954382.70
Mattia Destro,955510.73,1112952.77
Mattia Perin,926073.29,959488.76
Mattia Viti,617541.00,818214.85
Mattia Zaccagni,1982507.85,1839096.42
Mattias Svanberg,834672.03,1025654.11
Matty Cash,1388803.28,1424681.12
MattÃ©o Guendouzi,1105143.93,1367545.04
Matz Sels,991932.37,1188489.13
MatÃ­as Vecino,2679950.74,2816260.63
MatÃºÅ¡ Bero,863774.28,1012047.58
Mauro Arambarri,955510.73,801355.01
Max Aarons,693650.07,988192.47
Max Kilman,2256693.28,1724850.30
Max Lowe,922921.20,758389.27
Maxence Caqueret,1717098.02,1812001.95
Maxence Lacroix,2002426.29,1511500.40
Maxi GÃ³mez,1022666.47,569553.95
Maxim Leitsch,794535.73,706677.78
Maxime Busi,529313.67,614898.06
Maxime Colin,1000762.72,1639431.40
Maxime EstÃ¨ve,576040.87,873244.83
Maxime Gonalons,2000471.14,2849670.96
Maxime Lopez,1778688.19,2565874.17
Maximilian Arnold,1879257.90,2038152.63
Maximilian Bauer,1106545.59,1125718.01
Maximilian Beier,971183.32,1415698.59
Maximilian Eggestein,1401722.58,1282765.99
Maximilian MittelstÃ¤dt,2104431.76,2646958.55
Maximilian Philipp,1270113.96,1035595.61
Maximilian Wittek,1428635.51,1315342.16
Maximilian WÃ¶ber,1937420.87,1650155.71
Maximiliano Caufriez,1400357.21,1332628.05
Maxwel Cornet,894487.77,794112.69
Mehdi Bourabia,955510.73,1037090.86
Mehdi Zeffane,1003288.15,1853639.63
Melvin Bard,960993.97,1616684.87
Memphis,1729233.85,1564246.35
Mergim Berisha,794535.73,704262.96
Merlin RÃ¶hl,708927.60,600513.31
Michael Amir Murillo,1759444.93,2187910.73
Michael Folorunsho,841906.61,846599.12
Michael Gregoritsch,1338627.16,1174280.08
Michael Keane,1127016.34,1406967.93
Michael Obafemi,392503.08,542498.02
Michael Olise,1590709.42,1434842.98
Michael Zetterer,975556.80,887359.06
Michail Antonio,1394977.00,1437851.29
Michel Aebischer,2285625.42,2082432.89
Michel Ndary Adopo,586414.92,589373.92
Michele Cerofolini,669224.31,667256.79
Michele Di Gregorio,811204.64,801047.82
Micky van de Ven,1691098.87,2191890.08
Miguel AlmirÃ³n,1545060.02,1551838.83
Miguel GutiÃ©rrez,1292378.91,1684693.55
Miguel RodrÃ­guez,589161.85,514885.52
Miguel Ãngel Rubio,1064594.37,1021654.16
Mihailo RistiÄ,1107975.91,1526905.83
Mike Maignan,975556.80,910308.45
Mikel Merino,2308287.67,1697356.36
Mikel Oyarzabal,1789825.02,1217221.15
Mikel Vesga,1687438.89,1663728.48
Mikkel Damsgaard,727618.57,811985.51
Mikkel Desler,1611390.23,1994369.27
Mikkel Kaufmann,550954.78,434852.59
Milan Badelj,1718387.39,2837303.31
Milan ÄuriÄ,1083108.40,1137879.16
Mile Svilar,676800.62,647630.78
Milos Kerkez,566457.69,668510.05
MiloÅ¡ PantoviÄ,573370.38,1177628.98
MiloÅ¡ VeljkoviÄ,1721796.68,2027188.54
Milutin OsmajiÄ,258374.21,464943.62
Mirko MariÄ,955510.73,909314.62
Mitchel Bakker,766682.36,1169062.59
Mitchell Weiser,1660384.36,2334482.78
Modibo Sagnan,1183303.93,1001491.91
Mohamed Ali Cho,637832.43,485012.48
Mohamed Camara,2230119.55,1684723.01
Mohamed El Arouch,282105.80,471245.26
Mohamed Elneny,926073.29,955557.44
Mohamed Kaba,621722.19,621985.48
Mohamed Lamine Bayo,1146861.06,766619.29
Mohamed Simakan,1483229.79,1616247.30
Mohammed Salisu,1323526.38,1532669.66
Moi GÃ³mez,2117286.98,2131162.21
Moise Kean,713753.20,538077.68
MoisÃ©s Caicedo,1913347.26,1687560.13
Montassar Talbi,1101828.62,1115273.25
Morgan Gibbs-White,1383202.39,1302397.61
Morgan Guilavogui,1226114.94,1000996.97
Morgan Rogers,663763.59,789729.84
Morgan Sanson,1481445.77,1384975.06
Moritz Jenz,1447684.42,1263207.44
Moritz Nicolas,811204.64,780822.43
Moritz-Broni Kwarteng,794535.73,719365.68
Morten Frendrup,804752.09,991126.70
Morten Thorsby,1091389.57,774776.32
Mory Diaw,975556.80,1022285.26
Moses Simon,1357400.02,864909.18
Mostafa Mohamed,1192408.22,720181.63
Mouctar Diakhaby,1394046.07,1128011.26
Moussa Diaby,1627027.10,1235402.92
Moussa Diarra,689233.80,948632.47
Moussa Niakhate,985121.79,1337052.65
Moussa Sissoko,1063756.76,1708157.13
Muhammed Cham,874903.19,1207413.22
Munir El Haddadi,1443881.04,1333342.77
Mykhailo Mudryk,981862.58,880682.11
Myles Peart-Harris,358201.14,503972.87
Myron Boadu,597058.77,615525.59
Myrto Uzuni,973292.95,942292.20
MÃ¡rio Rui,2200327.46,3858888.65
MÃ«rgim Vojvoda,2042545.49,2328256.93
Naatan SkyttÃ¤,472427.62,542315.02
Nabil Alioui,1031920.63,1023946.89
Nabil Bentaleb,2279537.03,2613692.14
Nabil Fekir,2685777.81,1767102.87
Naby KeÃ¯ta,926073.29,845800.54
Nacho,2562686.04,3203086.27
Nacho Vidal,955510.73,921011.16
Nadiem Amiri,1651928.43,1403260.48
Nadir Zortea,795863.93,1132182.98
Nahitan NÃ¡ndez,950309.63,1000370.94
Nahuel Molina,1587004.27,2250476.35
Nahuel Tenaglia,893245.20,932900.52
Nampalys Mendy,1932219.42,1852731.31
Naouirou Ahamada,575208.32,554383.69
Natan,1050837.67,1150178.90
Nathan Collins,871567.84,1153598.24
Nathan N'Goumou,1009753.70,1007552.35
Nathan Patterson,695574.70,945655.83
Nathan Redmond,955510.73,910360.25
Nathan Tella,1122100.54,1018966.97
Nathanael Mbuku,339151.22,556763.58
Nathaniel Clyne,1096759.84,1664232.33
Nayef Aguerd,1465468.40,1669600.12
Neal Maupay,1526930.45,1267949.99
Neco Williams,802936.16,723428.15
Nedim Bajrami,930048.14,868325.40
NehuÃ©n PÃ©rez,634482.17,893247.64
Neil El Aynaoui,770564.59,909180.95
Nelson Weiper,483887.88,446320.01
Nemanja Gudelj,1690375.11,2055110.27
Nemanja MaksimoviÄ,1515716.55,1203092.54
Nemanja MatiÄ,2290645.73,3597999.79
Nemanja RadonjiÄ,1271560.81,944112.09
Neto,975556.80,1332344.95
Neto Borges,1386953.20,1721041.22
Nick Pope,1006199.08,1085058.35
Nick Woltemade,788035.38,744873.83
Niclas FÃ¼llkrug,1536393.90,1628384.96
Nico Elvedi,2091106.66,1874763.28
Nico Schlotterbeck,2263691.83,2214563.02
Nicola Leali,926073.29,956585.44
Nicola Sansone,1599476.21,1432444.23
Nicola Zalewski,633936.41,756748.36
Nicolai Rapp,1690707.38,1274861.04
Nicolas Cozza,741480.57,1047863.89
Nicolas Haas,759492.62,788395.31
Nicolas HÃ¶fler,1515539.57,2261745.62
Nicolas Jackson,1363637.48,1439221.53
Nicolas Pallois,1382604.35,1907039.65
Nicolas Seiwald,832778.82,839469.02
Nicolas Viola,1880777.88,2027934.34
NicolÃ¡s DomÃ­nguez,1956347.09,1483442.30
NicolÃ¡s GonzÃ¡lez,1744865.62,1547076.87
NicolÃ¡s Tagliafico,1995639.70,2394032.91
NicolÃ² Cambiaghi,641680.62,582082.25
NicolÃ² Casale,2050465.12,1700275.97
NicolÃ² Fagioli,586414.92,590815.75
NicolÃ² Rovella,1473956.51,1330020.65
NicolÃ² Zaniolo,739353.13,569656.05
Niels Nkounkou,1400774.32,1260566.72
Nikita Contini Baranovsky,526016.68,737523.73
Niklas Dorsch,1173039.84,1076187.35
Niklas Schmidt,1489908.63,1636510.75
Niklas Stark,1358123.06,1473053.13
Nikola Dovedan,1011146.76,895053.44
Nikola MilenkoviÄ,1595572.49,1416244.12
Nikola Moro,1422247.94,1597281.29
Nikola VlaÅ¡iÄ,1396787.86,1242339.04
NjegoÅ¡ PetroviÄ,644470.38,618561.71
Noah Atubolu,601522.14,585478.47
Noah Loosli,922921.20,754083.77
Noah Mbamba,391242.05,450847.02
Noah Okafor,926592.08,700215.84
Noah WeiÃhaupt,613081.79,864261.29
Nolan Mbemba,1059615.11,1611921.47
Norbert GyÃ¶mbÃ©r,1289678.12,1353650.40
Nordi Mukiele,1919882.57,1665975.59
Norman Theuerkauf,1003602.47,2054096.83
Noussair Mazraoui,2632589.46,2198002.82
Nuno Mendes,1222434.93,1590496.13
Nuno Tavares,799718.48,987482.46
NÃ©lson Semedo,1538080.72,1992840.72
Obite N'Dicka,2023644.91,1627372.54
Odilon Kossonou,1411141.29,1683575.64
Odisseas Vlachodimos,955510.73,912414.04
Odsonne Ãdouard,1109280.29,938081.27
Ohis Felix Uduokhai,1305580.82,1333534.76
Oier Zarraga,829726.86,764659.57
Oihan Sancet,1786737.03,1218619.13
Ola Aina,818382.49,1132532.70
Olasagasti,586414.92,586423.50
Ole Pohlmann,356531.04,572287.87
Oleksandr Zinchenko,3198341.35,3242694.33
Oliver Baumann,975556.80,1282153.21
Oliver Burke,623521.51,860183.47
Oliver Christensen,669224.31,659703.79
Oliver McBurnie,1014761.55,723772.14
Oliver Norwood,1390024.18,2055864.26
Oliver Skipp,1010642.09,1108648.12
Olivier Deman,737215.73,1049473.50
Olivier Giroud,1219379.29,2266801.06
Ollie Watkins,1884828.73,2837028.34
Omar Alderete,1093296.42,953663.01
Omar Marmoush,1346756.07,1225868.97
Omar Mascarell,1132427.81,1604634.40
Omenuke Mfulu,926073.29,901231.23
Ondrej Duda,1262676.38,1425669.99
Orel Mangala,1250995.38,1324960.32
Oriol Romeu,2952450.73,3056071.94
Oscar CortÃ©s,502269.35,512274.43
Oscar EstupiÃ±an,922921.20,750652.22
Oualid El Hajjam,955510.73,1115967.65
Oussama El Azzouzi,666921.90,649281.90
Oussama Targhalline,971416.23,1240794.69
Ozan Kabak,1555395.80,1418638.84
Pablo Fornals,2709706.45,2015094.93
Pablo Galdames MillÃ¡n,526016.68,738553.33
Pablo IbÃ¡Ã±ez,707389.19,800197.56
Pablo Maffeo,802775.61,891294.60
Pablo MarÃ­,2208838.91,2179311.90
Pablo Rosario,1697075.29,1507198.32
Pablo Sarabia,2605249.74,2293579.06
Pantelis Hatzidiakos,1092996.67,1199362.16
Pape Gueye,1340855.38,1252577.96
Pape Matar Sarr,1538329.15,1692109.73
Papu GÃ³mez,759492.62,1313928.92
Pascal GroÃ,3057976.33,5893401.22
Pascal Stenzel,2798321.80,2133825.82
Pasquale Mazzocchi,1151897.17,1532318.34
PathÃ© Ciss,1241814.72,1681518.79
Patric,2741843.81,3496959.25
Patric Pfeiffer,617728.23,843506.73
Patrick Ciurria,1242792.33,1476046.70
Patrick Herrmann,926073.29,1095222.23
Patrick Mainka,1261339.65,1348706.79
Patrick Osterhage,805722.10,964686.08
Patrick Wimmer,800773.61,647660.60
Patrik Schick,1908750.03,1044016.98
Pau LÃ³pez,975556.80,971602.18
Pau Torres,2387586.64,2253850.52
Paul Akouokou,794535.73,709306.19
Paul Dummett,926073.29,1021580.24
Paul Jaeckel,774340.46,1147487.67
Paul Pogba,759492.62,954559.47
Paulo Azzi,962612.96,1091097.80
Paulo Dybala,3239257.75,1996671.52
Paulo Gazzaniga,1051760.08,1199349.13
Pavao Pervan,955510.73,1363747.74
Pavel KadeÅÃ¡bek,1315777.34,2265781.70
PaweÅ Dawidowicz,1226145.74,1563499.30
Paxten Aaronson,568029.65,462467.25
Pedro,1835970.46,2518657.02
Pedro Chirivella,1969365.05,2121355.45
Pedro Neto,1217380.35,1137205.52
Pedro Obiang,955510.73,1036910.08
Pedro Pereira,1479328.93,1497227.16
Pedro Porro,2052793.08,2214425.33
Pep ChavarrÃ­a,1613347.44,1653344.89
Pepe Reina,759492.62,1810506.50
PepÃ­n,922921.20,752698.93
Perr Schuurs,883702.17,971401.98
Peru Nolaskoain,351320.25,1142224.22
Pervis EstupiÃ±Ã¡n,2796693.97,2187573.54
Philip Billing,1213884.57,1029293.40
Philipp FÃ¶rster,1328097.69,1242070.19
Philipp Hofmann,1257845.66,1080317.62
Philipp KÃ¶hn,836684.62,763266.59
Philipp Lienhart,1917311.17,1907716.13
Philipp Max,1831366.36,2257897.95
Phillip Tietz,1138964.11,1047582.33
Phillipp Mwene,1016591.00,1397575.34
Pierluigi Gollini,955510.73,863711.74
Piero HincapiÃ©,1641325.43,2126020.43
Pierre HÃ¸jbjerg,2450171.28,4433419.79
Pierre Kalulu,986155.58,1229485.71
Pierre Lees-Melou,2806259.18,2281081.64
Pierre-Emerick Aubameyang,1258214.16,2677669.32
Pietro Pellegri,873694.31,568938.41
Pietro Terracciano,975556.80,1332344.95
Piotr ZieliÅski,3154404.26,2467366.57
Pol Lirola,1097023.38,1341532.22
Pontus Almqvist,678565.78,681469.13
Portu,2185869.54,1648629.53
Predrag RajkoviÄ,1051760.08,924434.70
PrzemysÅaw Frankowski,2725016.55,2042388.25
PrzemysÅaw SzymiÅski,1033984.01,1771122.36
PÃ©ter GulÃ¡csi,1003444.47,1222046.65
Quentin Merlin,925801.72,1293152.52
Radamel Falcao,957503.71,1495219.28
Rade KruniÄ,2295669.21,1803875.09
RadosÅaw Majecki,676800.62,641766.54
Radu DrÄguÈin,731624.69,931688.91
Rafa Mir,1118483.47,595546.70
Rafael BorrÃ©,1388213.28,1160005.56
Rafael LeÃ£o,1409373.84,1495672.55
Rafael TolÃ³i,1490995.08,2295606.56
Ramy Bensebaini,1866329.02,2375388.84
RamÃ³n Terrats,721356.09,1297659.52
Randy Ntekja,702309.72,676509.83
Rani Khedira,994310.12,1158070.65
Raoul Bellanova,1035266.74,1241309.63
RaphaÃ«l Guerreiro,3974367.33,3799972.28
Rasmus HÃ¸jlund,1074673.10,872617.47
Rasmus Kristensen,1223181.28,1562158.01
Rasmus Nicolaisen,1937691.33,1465213.17
Rassoul Ndiaye,644251.03,1077333.74
Rayan AÃ¯t-Nouri,863172.94,1141502.67
Rayan Cherki,1678698.45,1354158.05
RaÃºl Albiol,1912221.45,3128546.07
RaÃºl FernÃ¡ndez,955510.73,1331219.88
RaÃºl GarcÃ­a,955510.73,1539695.63
RaÃºl JimÃ©nez,1400125.66,1712412.28
RaÃºl Torrente,675756.53,1031242.36
RaÃºl de TomÃ¡s,1188759.49,978505.97
Reda Khadra,759263.68,769898.53
Reece Burke,1061279.79,1010344.10
Reinier,865662.66,729455.06
Reinildo Mandava,1241321.94,1766824.76
Reiss Nelson,1212397.69,1030153.54
Remi Matthews,683406.68,893301.00
Remi Oudin,1180691.85,1205030.82
Remo Freuler,2826465.74,3021612.82
Renan Lodi,1093316.56,1445086.71
Renato Sanches,709164.81,745361.71
Renato Tapia,975156.80,1141632.83
Rhian Brewster,644470.38,626170.82
Rhys Norrington-Davies,549644.47,655874.60
Ricard SÃ¡nchez,732264.15,1210733.84
Ricardo RodrÃ­guez,1510763.02,2162104.61
Riccardo Calafiori,994991.76,1536939.11
Riccardo Marchizza,1131145.92,1318870.94
Riccardo Orsolini,1613707.34,1465692.84
Riccardo Saponara,941938.21,1451890.73
Riccardo Sottil,924250.22,910681.87
Richarlison,1476037.26,1344321.23
Rick Karsdorp,1697442.55,2049429.72
Rico Henry,905680.73,786376.53
Ridgeciano Haps,972722.00,1140587.76
Ridle Baku,1081083.30,1421866.94
Ritsu Doan,886190.11,1212293.07
Robert Andrich,3217271.45,3636987.71
Robert Gumny,614741.71,756017.95
Robert Skov,2526542.57,1918327.74
Robert SÃ¡nchez,836684.62,742628.81
Roberto Gagliardini,2792456.54,1991357.92
Roberto Massimo,481631.78,575171.11
Roberto Navarro,553326.79,615900.77
Roberto Pereyra,1257446.92,1675906.31
Roberto Piccoli,690121.76,473442.25
Robin Gosens,1597571.61,1898395.97
Robin Hack,920722.19,1457498.27
Robin Knoche,1424403.49,1910880.62
Robin Koch,2356507.23,2350928.65
Robin Le Normand,2132958.85,1912794.53
Robin Olsen,955510.73,1175721.72
Robin Zentner,975556.80,958955.72
Rocco Reitz,793010.60,1006333.91
Rodrigo Bentancur,1992706.48,2230197.51
Rodrigo De Paul,2628697.67,2753766.45
Rodrigo Muniz,566015.15,685722.98
Rodrigo Riquelme,919531.19,1065705.72
Roger MartÃ­,1171629.91,1206125.26
RogÃ©rio,1529994.01,1345970.93
Roland Sallai,1298160.51,895861.48
Rolando Mandragora,1638874.51,1492996.12
Romain Del Castillo,3060206.88,2157156.55
Romain Faivre,1516163.23,1322463.15
Romain Perraud,794535.73,729185.80
Roman Yaremchuk,1204608.13,935153.55
Romano Schmid,1134564.22,1320535.97
Romelu Lukaku,1757193.62,2343368.28
Rominigue KouamÃ©,1276997.07,1169112.59
Ronald AraÃºjo,1897625.02,1926652.88
RonaÃ«l Pierre-Gabriel,730198.17,814391.76
Ross Barkley,2067278.31,2369687.09
Ruan,939542.74,940068.51
Ruben Aguilar,2401569.90,2772264.40
Ruben Loftus-Cheek,1822093.11,1341418.99
RubÃ©n Alcaraz,1351684.20,1752590.56
RubÃ©n Blanco,926073.29,790007.47
RubÃ©n Duarte,1104543.01,1337033.41
RubÃ©n GarcÃ­a,1553711.03,1803978.36
RubÃ©n PeÃ±a,936855.67,1646936.80
RubÃ©n Sobrino,896867.84,1065212.70
Rui PatrÃ­cio,1006199.08,1453405.88
Rui Silva,975556.80,1012230.83
Ruslan Malinovskyi,1340331.86,1648721.31
Ryan Christie,1360869.51,1332327.01
Ryan Gravenberch,1045875.62,829739.42
Ryan John Giles,901930.79,1200960.58
Ryan Yates,828835.88,933975.96
RÃ©my Cabella,3038264.62,2457725.94
RÃ©my Descamps,922921.20,756565.46
RÃ©my Riou,926073.29,1327036.33
RÃºben Vinagre,923398.15,1175564.07
RÄzvan Marin,1113607.79,1166136.50
Saba Sazonov,575208.32,549453.28
Sacha Boey,991870.87,1182092.29
Saidou Sow,956416.68,842977.44
Salih Ãzcan,1623305.60,1363903.98
Salis Abdul Samed,1233573.82,1301105.71
Salvi,627322.38,1302959.59
Sam Beukema,1571558.40,2049011.73
Sam Johnstone,1006199.08,1041269.58
Saman Ghoddos,1310780.23,1587962.98
Samu Castillejo,1310595.77,965478.40
Samu Costa,757612.27,938877.19
Samuel Chukwueze,1376879.81,1105815.54
Samuel Gigot,1723219.56,1773009.38
Samuel Grandsir,1388610.80,1326222.48
Samuel Iling-Junior,819568.03,791171.07
Samuel Moutoussamy,973985.60,1077855.62
Samuel Umtiti,2237534.93,1898430.24
Samuele Birindelli,954282.59,1191045.29
Samuele Mulattieri,586414.92,596662.28
Samuele Perisan,507077.12,693740.29
Samuele Ricci,982222.08,1127235.08
Samuele Vignato,611542.36,513401.15
Sander Berge,1435502.31,1142080.98
Sandi LovriÄ,1022997.94,926222.50
Sandro RamÃ­rez,1185231.98,1270560.58
Sanjin PrciÄ,926073.29,898625.82
Santi ComesaÃ±a,1807272.00,1352415.23
Santiago Bueno,1205613.96,1126774.95
Santiago Pierotti,603449.43,505249.29
Sardar Azmoun,1113129.84,936201.85
Sargis Adamyan,1023911.63,749280.51
Sasa Kalajdzic,907536.12,703729.09
SaÃ¯d Benrahma,1645749.93,1463074.22
SaÃºl Coco,1307618.94,1499001.45
SaÅ¡a LukiÄ,1291254.36,1116547.59
Scott McKenna,884276.66,834683.39
Scott McTominay,1335487.19,1259472.32
Sead KolaÅ¡inac,2010068.48,2073490.14
Sean Longstaff,1589879.57,1833545.10
Sebastiaan Bornauw,1368706.28,1370906.24
Sebastian Polter,861523.84,852165.56
Sebastian Rode,926073.29,1096356.14
Sebastian Walukiewicz,842981.30,891008.68
Sebastiano Luperto,1422727.52,1438374.89
Selim Amallah,701984.31,908388.83
Senne Lynen,846987.42,1169449.99
Sepp van den Berg,642709.38,895852.71
Serge Aurier,1207838.33,1499501.28
Sergi CanÃ³s,1180844.44,1085933.07
Sergi Cardona,1609493.45,2008674.65
Sergi Darder,1615251.19,1675444.74
Sergi Guardiola,841610.82,1287223.80
Sergi Roberto,3839392.51,3505744.62
Sergio Akieme,1021892.81,1478012.53
Sergio Camello,721955.63,723409.68
Sergio GÃ³mez,481631.78,585274.01
Sergio Herrera,975556.80,1031427.91
Sergio Ramos,2181016.54,3650246.08
Sergio ReguilÃ³n,1225382.78,1187604.02
Sergio Ruiz,1636815.16,1641441.26
Serhou Guirassy,1480239.52,3659591.91
Shamar Nicholson,1465767.76,924559.71
Shandon Baptiste,806803.44,763375.83
Sheraldo Becker,1543262.66,1220595.83
Shon Weissman,898373.99,747577.77
Siebe Van Der Heyden,669224.31,660829.36
Silas Katompa,1286662.47,1089582.85
Silvan Hefti,877465.82,1154383.40
Silvan Widmer,1371931.17,1717576.18
Simeon Nwankwo,978897.11,901120.00
Simon Adingra,1000442.25,1092695.52
Simon Elisor,707085.97,541195.63
Simon KjÃ¦r,2136460.06,3124339.97
Simon Zoller,615130.82,1015913.27
Simone Bastoni,914271.15,1191310.92
Simone Romagnoli,1451486.94,2007339.67
Simone Scuffet,942283.56,843823.18
Simone Verdi,832918.79,1123096.50
Sinaly Diomande,918776.23,1313206.18
Sofiane Diop,899876.16,829662.36
Sofyan Amrabat,2010720.11,1625764.19
Sokratis Papastathopoulos,1842626.00,1857417.37
Solly March,1600969.39,1592530.68
Sory Kaba,789184.69,773494.68
Souleymane TourÃ©,1467341.96,1085906.11
SrÄan BabiÄ,768556.00,901368.24
Stanislav Lobotka,2539761.93,2498113.10
Stanley N'Soki,1048971.25,1407987.65
Stefan Bell,1193715.17,1525450.26
Stefan Lainer,1184818.87,1884206.17
Stefan Ortega,955510.73,981698.09
Stefan Posch,1867556.76,2611562.52
Stefan SaviÄ,1687989.72,2147056.99
Stefan Schimmer,955510.73,931213.40
Stefan de Vrij,2360719.86,2423770.39
Stefano Sabelli,805219.52,1217792.06
Stefano Sensi,926073.29,803287.22
Stefano Turati,587275.87,615200.59
Steffen Tigges,749055.77,646622.91
Stephan El Shaarawy,2404352.11,1879353.80
Steve Mandanda,975556.80,1851120.85
Steve MouniÃ©,1180224.39,1023871.07
Stijn Spierings,2517615.19,2089676.20
Stole Dimitrievski,1051760.08,1055354.91
Suat Serdar,1025083.45,953928.93
Suso,2796114.59,2072790.98
Sven Botman,2461834.86,1602344.47
Sven Michel,1087329.76,1282959.51
Sven Ulreich,955510.73,1290954.44
Sydney van Hooijdonk,644470.38,620052.78
Szymon Å»urkowski,960048.02,887568.81
SÃ¡vio,1354643.60,1348962.14
SÃ©amus Coleman,1014872.67,1925516.51
Tadeo Allende,814642.14,612662.93
Tahith Chong,950026.28,844447.52
Taiwo Awoniyi,1064830.32,764284.43
Tajon Buchanan,1332218.69,1101927.56
Takefusa Kubo,1038343.96,1048632.64
Takehiro Tomiyasu,1554756.12,1657302.31
Takuma Asano,1363728.72,1091222.61
Takumi Minamino,2405692.67,2522744.71
Tammy Abraham,955744.80,584933.24
Tanguy Coulibaly,792172.41,546520.64
Tanguy Nianzou,589161.85,512745.48
Tariq Lamptey,1006848.73,1031657.73
Teddy Teuma,2983247.47,3304808.69
Teden Mengi,445440.62,699428.58
Teun Koopmeiners,2178623.74,2098869.53
Theo Corbeanu,597058.77,580081.44
Theo HernÃ¡ndez,2598956.88,1906436.74
Thiago Silva,3567247.86,7074705.89
Thibault De Smet,906418.92,1394668.04
Thierry Correia,985627.21,1384946.84
Thijs Dallinga,976202.65,1243510.72
Thilo Kehrer,1983384.46,2065744.44
Thomas Delaine,1020195.04,1688385.11
Thomas Foket,1442284.12,1840141.09
Thomas Henry,1046022.84,997917.12
Thomas Isherwood,760477.27,907902.61
Thomas Kaminski,1051760.08,1129882.40
Thomas Keller,289464.90,609526.73
Thomas Lemar,926073.29,794124.41
Thomas Meunier,1734963.66,2754543.41
Thomas Strakosha,926073.29,842386.10
Thorgan Hazard,1769731.43,1563360.70
ThÃ©o Le Bris,735022.17,819814.77
ThÃ©o Sainte-Luce,715727.34,846947.10
Tiago TomÃ¡s,651669.67,660315.41
TiemouÃ© Bakayoko,1647521.45,1711157.81
Tijjani Noslin,941157.30,612108.48
Tijjani Reijnders,2065342.13,1590608.34
Tim Breithaupt,636734.99,686165.35
Tim Kleindienst,1387441.52,1314611.02
Tim Oermann,541551.82,467896.25
Tim Ream,1998199.90,3581846.10
Tim Siersleben,722265.29,1157412.14
Tim Skarke,1256477.56,1656490.70
Timo HÃ¼bers,1533547.97,1462937.31
Timothy Castagne,1461299.38,1911784.54
Timothy Chandler,926073.29,1181958.48
Timothy Weah,1119625.44,1105037.42
Tino Kadewere,1237585.94,920242.02
Tobias Kempe,1074679.21,1352937.20
Tom Bischof,614550.22,438316.62
Tom Cairney,2378976.70,4223992.55
Tom Davies,669224.31,661105.31
Tom KrauÃ,818672.73,820732.06
Tom Lockyer,863310.27,921606.41
Toma BaÅ¡iÄ,1155679.67,1099855.62
Tommaso Augello,1005619.19,1518997.10
Tommaso Baldanzi,1010815.22,721377.95
Tommaso Pobega,679426.96,671696.88
Tommy Doyle,943293.12,1471083.88
TomÃ¡Å¡ Koubek,926073.29,963862.53
TomÃ¡Å¡ SouÄek,1551911.76,1493265.24
TomÃ¡Å¡ Suslov,690574.43,579323.01
Toni Lato,895603.47,1347715.98
Toni Villa,615130.82,839352.09
Tony Jantschke,926073.29,1159368.00
Tosin Adarabioyo,1975295.31,1909810.21
Tosin Aiyegun,937161.18,838265.54
Toti Gomes,1114562.32,1747166.80
Trevoh Chalobah,1460264.84,1851953.39
Tuta,1545681.47,1880271.25
Tyler Adams,549644.47,653073.42
Tyrick Mitchell,847185.04,1351061.65
Tyrone Mings,759492.62,954132.12
Tyronne Ebuehi,980506.46,1197228.86
TÃ©ji Savanier,1668423.26,2274386.83
Ulisses Garcia,1241269.09,1631966.01
Umar Sadiq,936426.89,893128.72
Unai GarcÃ­a,814914.57,1309370.85
Unai LÃ³pez,1545795.62,2241122.71
Unai NÃºÃ±ez,1401724.15,1458749.56
Unai SimÃ³n,843107.11,809344.55
UroÅ¡ RaÄiÄ,1033120.31,1084042.56
Valentin Gendrey,614868.41,957111.59
Valentin Rongier,2142745.15,1676438.35
Valentin Rosier,894487.77,740206.10
Valentino Lazaro,1688036.10,1649303.75
Valentino Livramento,1230270.87,1099668.54
ValentÃ­n Barco,825932.57,809708.17
ValentÃ­n Castellanos,955358.48,837122.79
Valery FernÃ¡ndez,1266466.63,1078954.29
Vanderson,1284978.69,1476828.44
Vanja MilinkoviÄ-SaviÄ,1015887.78,867166.89
Vedat Muriqi,1674021.07,1084100.86
Vicente Guaita,1006199.08,1574767.78
Victor LindelÃ¶f,2405311.23,1905860.90
Viktor Kovalenko,829789.60,1007257.69
Viktor Tsyhankov,1793739.77,1786430.17
Vincent Le Goff,1427420.13,2904758.55
Vincent Sierro,1503528.17,1488100.02
Vincenzo Fiorillo,926073.29,1162413.18
Vincenzo Grifo,1484338.67,2005737.60
Vinicius Souza,771043.67,790004.81
Vitaliy Mykolenko,754196.55,1126000.37
Vitaly Janelt,1091462.43,1257605.87
Vitinho,599905.14,839322.26
Vito Mannone,926073.29,1317017.32
Vitor Roque,640780.59,376883.54
VladimÃ­r Coufal,1166424.79,1849912.81
VÃ¡clav ÄernÃ½,1170198.23,1248497.80
VÃ­ctor Chust,797427.82,1051744.57
VÃ­ctor DÃ­az,926073.29,1242510.81
Wahbi Khazri,896514.62,1386524.14
Walace,1292763.88,1500379.66
Waldemar Anton,2968688.13,2815256.32
Walid Cheddira,1159369.08,1006659.19
Warmed Omari,1648571.31,1352986.74
Warren Bondo,756919.27,661889.53
Wataru Endo,2435193.70,2587899.23
Wes Foderingham,975556.80,1235564.76
Wesley SaÃ¯d,1569536.83,1522445.85
Weston McKennie,925011.71,1129616.41
Wilfried Singo,1107255.10,1443218.89
Will Hughes,1243114.47,1220052.70
Willi Orban,3459083.61,2812767.53
William Carvalho,2500544.30,4017422.23
Willian,2896471.14,2474055.07
Willian JosÃ©,1847346.18,2400893.46
Williot Swedberg,717610.78,661680.24
Willy Boly,1267311.79,1389430.49
Wilson ManafÃ¡,926073.29,848968.14
Wissam Ben Yedder,1966037.25,3750031.69
Wladimiro Falcone,1051760.08,989976.74
Wout Weghorst,1704374.69,1416692.31
Xaver Schlager,2147626.19,1639750.21
Xavi Simons,1698714.24,1312669.02
Yacine Adli,1660635.04,2216644.78
Yan Couto,1011181.70,1330587.91
Yangel Herrera,1646450.73,1727930.05
Yanis Begraoui,614470.54,666769.27
Yann Aurel Bisseck,1314324.71,1428407.70
Yann Gboho,912145.94,558084.67
Yann Karamoh,840334.08,778988.64
Yann Sommer,975556.80,1433311.64
Yannick Gerhardt,1240577.01,1651976.16
Yannik Keitel,925469.75,1035675.02
Yasser Larouci,459008.72,621505.50
Yassine Bounou,759492.62,1085454.89
Yayah Kallon,310598.87,630235.03
Yehvann Diouf,657991.01,709302.70
Yeray Ãlvarez,1477509.68,1637989.03
Yeremi Pino,785920.71,706713.94
Yerry Mina,1370968.66,1010583.19
Yerson Mosquera,1056090.17,1224305.50
Ylber Ramadani,994545.68,1182451.51
Yoane Wissa,1417155.95,1431836.77
Yoann Salmier,1077201.06,1550768.27
Yohann Magnin,1084904.45,1139440.04
Yorbe Vertessen,801517.33,691770.86
Youcef Atal,955510.73,853964.85
Youri Tielemans,2392344.65,1999316.85
Youssef En-Nesyri,1219864.68,1272032.65
Youssef Maleh,720803.76,862570.75
Youssef Maziz,504777.70,819958.93
Youssouf Fofana,1391836.74,2175218.27
Youssouf Ndayishimiye,1950250.75,1960871.94
Youssouf Sabaly,1316557.48,1866631.37
Youssoufa Moukoko,988423.27,527598.47
YoÃ«l Armougom,549644.47,657299.89
Yunis Abdelhamid,2114634.16,3278549.10
Yunus Musah,881548.89,765396.97
Yuri Berchiche,2132638.68,3457450.50
Yussuf Poulsen,1541071.17,1144633.10
Yusuf YazÄ±cÄ±,1761607.64,1425325.31
Yvandro Borges Sanches,391242.05,443504.49
Yves Bissouma,2442231.76,2848456.61
Yvon Mvogo,975556.80,976561.00
Zakaria Aboukhlal,848616.51,696033.77
Zeki Amdouni,780607.07,720087.17
Zeki Ãelik,1053909.13,1102742.80
Ãlex Berenguer,1684680.12,1197180.09
Ãlex Centelles,959470.94,1307999.79
Ãlex FernÃ¡ndez,1118319.68,1570624.30
Ãlex Grimaldo,4116999.12,5225539.17
Ãlex Moreno,1528738.97,1869667.60
Ãlex Remiro,1051760.08,984536.07
Ãlex SuÃ¡rez,2087263.93,2505630.64
Ãlvaro GarcÃ­a,1258653.64,1844811.15
Ãlvaro Lemos,926073.29,961164.70
Ãlvaro Negredo,1063573.77,1439935.62
Ãlvaro Odriozola,955510.73,808084.71
Ãlvaro VallÃ©s,893958.54,812493.22
Ãngel Correa,1519520.83,1650471.97
Ãngelo Borges,733164.03,609511.41
ÃaÄlar SÃ¶yÃ¼ncÃ¼,894487.77,745435.97
Ãderson,1433235.52,1808804.52
Ãdgar GonzÃ¡lez,1563279.65,1403720.79
Ãrik Lamela,1637061.59,1227592.04
Ãtienne Capoue,1705550.47,2870505.96
Ãliver Torres,2061090.74,1538996.64
Ãscar Melendo,955865.84,946868.84
Ãscar Mingueza,1383573.98,1725425.00
Ãscar RodrÃ­guez Arnaiz,878954.81,1093255.93
Ãscar Trejo,1373076.89,2669312.54
Ãscar ValentÃ­n,1244379.81,1279482.60
Ãscar de Marcos,2022080.43,3881982.22
Ãrjan Nyland,1006199.08,1199682.42
ÄorÄe PetroviÄ,678658.55,672719.22
Åukasz FabiaÅski,955510.73,1647215.96
Åukasz Skorupski,975556.80,1244136.22
